chr,Posbin,beg,end,peak,nalltx,nchrtx,mjtx,matx,maftx,nallse,nchrse,mjse,mase,mafse,nallne,nchrne,mjne,mane,mafne,nallmw,nchrmw,mjmw,mamw,mafmw,nallgc,nchrgc,mjgc,magc,mafgc,region_start,region_end,width,region_strand,Annotation,QUERYID,TXID,Gene ID,POS,SNP Effect,SNP standard error,score,p value,rawp,FDR Adjusted p value,gene_start,gene_end,gene_width,gene_strand,pacId,transcriptName,peptideName,Pfam,Panther Categories,KOG,ec,KO,GO,Arabidopsis thaliana homolog,A. thaliana gene name,A. thaliana gene annotation,Rice homolog,Rice gene name,Rice gene annotation,d2_start,d2_end,distance from gene
Chr03K,1745,17438600,17444323,49.13867741424758,2,292,G:0.277397,A,0.722603,2,192,G:0.28125,A,0.71875,2,224,G:0.459821,A,0.540179,2,200,G:0.94,A,0.06,2,112,G:0.375,A,0.625,NA,NA,NA,NA,NA,NA,NA,NA,NA,NA,NA,NA,NA,NA,NA,NA,NA,NA,NA,NA,NA,NA,NA,NA,NA,NA,NA,NA,NA,NA,NA,NA,NA,NA,NA,NA,NA
Chr09N,473,4723665,4728409,40.673060670944416,2,292,C:0.421233,T,0.578767,2,192,C:0.953125,T,0.046875,2,224,C:1,T,0,2,200,C:0.99,T,0.01,2,112,C:0.401786,T,0.598214,NA,NA,NA,NA,NA,NA,NA,NA,NA,NA,NA,NA,NA,NA,NA,NA,NA,NA,NA,NA,NA,NA,NA,NA,NA,NA,NA,NA,NA,NA,NA,NA,NA,NA,NA,NA,NA
Chr05N,4440,44396860,44397254,28.56972097417053,2,292,G:0.986301,T,0.0136986,2,192,G:0.885417,T,0.114583,2,224,G:0.834821,T,0.165179,2,200,G:0.965,T,0.035,2,112,G:0.883929,T,0.116071,NA,NA,NA,NA,NA,NA,NA,NA,NA,NA,NA,NA,NA,NA,NA,NA,NA,NA,NA,NA,NA,NA,NA,NA,NA,NA,NA,NA,NA,NA,NA,NA,NA,NA,NA,NA,NA
Chr09K,5899,58983890,58986202,28.033318905389773,2,292,C:0.917808,T,0.0821918,2,192,C:0.515625,T,0.484375,2,224,C:0.397321,T,0.602679,2,200,C:0.97,T,0.03,2,112,C:0.776786,T,0.223214,NA,NA,NA,NA,NA,NA,NA,NA,NA,NA,NA,NA,NA,NA,NA,NA,NA,NA,NA,NA,NA,NA,NA,NA,NA,NA,NA,NA,NA,NA,NA,NA,NA,NA,NA,NA,NA
Chr04K,4449,44483293,44483779,24.71553189487437,2,292,A:0.859589,C,0.140411,2,192,A:0.479167,C,0.520833,2,224,A:0.602679,C,0.397321,2,200,A:0.36,C,0.64,2,112,A:0.741071,C,0.258929,NA,NA,NA,NA,NA,NA,NA,NA,NA,NA,NA,NA,NA,NA,NA,NA,NA,NA,NA,NA,NA,NA,NA,NA,NA,NA,NA,NA,NA,NA,NA,NA,NA,NA,NA,NA,NA
Chr07K,4880,48798900,48799548,23.662333800467422,2,292,T:0.976027,G,0.0239726,2,192,T:0.682292,G,0.317708,2,224,T:0.790179,G,0.209821,2,200,T:1,G,0,2,112,T:0.839286,G,0.160714,NA,NA,NA,NA,NA,NA,NA,NA,NA,NA,NA,NA,NA,NA,NA,NA,NA,NA,NA,NA,NA,NA,NA,NA,NA,NA,NA,NA,NA,NA,NA,NA,NA,NA,NA,NA,NA
Chr07K,3503,35023513,35024669,22.23466559525975,2,292,C:0.777397,T,0.222603,2,192,C:0.875,T,0.125,2,224,C:0.825893,T,0.174107,2,200,C:0.155,T,0.845,2,112,C:0.803571,T,0.196429,NA,NA,NA,NA,NA,NA,NA,NA,NA,NA,NA,NA,NA,NA,NA,NA,NA,NA,NA,NA,NA,NA,NA,NA,NA,NA,NA,NA,NA,NA,NA,NA,NA,NA,NA,NA,NA
Chr01K,3416,34145901,34151381,22.01520083199231,2,292,T:0.739726,C,0.260274,2,192,T:0.760417,C,0.239583,2,224,T:0.848214,C,0.151786,2,200,T:0.71,C,0.29,2,112,T:0.223214,C,0.776786,NA,NA,NA,NA,NA,NA,NA,NA,NA,NA,NA,NA,NA,NA,NA,NA,NA,NA,NA,NA,NA,NA,NA,NA,NA,NA,NA,NA,NA,NA,NA,NA,NA,NA,NA,NA,NA
Chr06N,2794,27931293,27931382,21.441491053118966,2,292,C:0.726027,T,0.273973,2,192,C:0.651042,T,0.348958,2,224,C:0.808036,T,0.191964,2,200,C:0.66,T,0.34,2,112,C:0.633929,T,0.366071,NA,NA,NA,NA,NA,NA,NA,NA,NA,NA,NA,NA,NA,NA,NA,NA,NA,NA,NA,NA,NA,NA,NA,NA,NA,NA,NA,NA,NA,NA,NA,NA,NA,NA,NA,NA,NA
Chr05N,4441,44402407,44402855,20.300489234914032,2,292,G:0.989726,T,0.010274,2,192,G:0.848958,T,0.151042,2,224,G:0.834821,T,0.165179,2,200,G:0.985,T,0.015,2,112,G:0.982143,T,0.0178571,NA,NA,NA,NA,NA,NA,NA,NA,NA,NA,NA,NA,NA,NA,NA,NA,NA,NA,NA,NA,NA,NA,NA,NA,NA,NA,NA,NA,NA,NA,NA,NA,NA,NA,NA,NA,NA
Chr01N,807,8064052,8064212,19.449910026528833,2,292,C:0.883562,G,0.116438,2,192,C:0.619792,G,0.380208,2,224,C:0.736607,G,0.263393,2,200,C:0.87,G,0.13,2,112,C:0.633929,G,0.366071,NA,NA,NA,NA,NA,NA,NA,NA,NA,NA,NA,NA,NA,NA,NA,NA,NA,NA,NA,NA,NA,NA,NA,NA,NA,NA,NA,NA,NA,NA,NA,NA,NA,NA,NA,NA,NA
Chr08N,4128,41267254,41275221,17.043670143354124,2,292,C:0.493151,G,0.506849,2,192,C:0.765625,G,0.234375,2,224,C:0.736607,G,0.263393,2,200,C:0.495,G,0.505,2,112,C:0.616071,G,0.383929,NA,NA,NA,NA,NA,NA,NA,NA,NA,NA,NA,NA,NA,NA,NA,NA,NA,NA,NA,NA,NA,NA,NA,NA,NA,NA,NA,NA,NA,NA,NA,NA,NA,NA,NA,NA,NA
Chr09N,346,3451725,3452089,16.748166666594262,2,292,A:0.767123,C,0.232877,2,192,A:0.869792,C,0.130208,2,224,A:0.84375,C,0.15625,2,200,A:0.935,C,0.065,2,112,A:0.714286,C,0.285714,NA,NA,NA,NA,NA,NA,NA,NA,NA,NA,NA,NA,NA,NA,NA,NA,NA,NA,NA,NA,NA,NA,NA,NA,NA,NA,NA,NA,NA,NA,NA,NA,NA,NA,NA,NA,NA
Chr09K,2952,29508451,29511284,15.655510479255392,2,292,T:0.256849,C,0.743151,2,192,T:0.28125,C,0.71875,2,224,T:0.28125,C,0.71875,2,200,T:0.975,C,0.025,2,112,T:0.473214,C,0.526786,NA,NA,NA,NA,NA,NA,NA,NA,NA,NA,NA,NA,NA,NA,NA,NA,NA,NA,NA,NA,NA,NA,NA,NA,NA,NA,NA,NA,NA,NA,NA,NA,NA,NA,NA,NA,NA
Chr05N,5074,50730664,50731859,14.621175493139887,2,292,G:0.979452,T,0.0205479,2,192,G:0.645833,T,0.354167,2,224,G:0.513393,T,0.486607,2,200,G:0.985,T,0.015,2,112,G:0.678571,T,0.321429,NA,NA,NA,NA,NA,NA,NA,NA,NA,NA,NA,NA,NA,NA,NA,NA,NA,NA,NA,NA,NA,NA,NA,NA,NA,NA,NA,NA,NA,NA,NA,NA,NA,NA,NA,NA,NA
Chr06K,244,2436648,2438445,13.420525517162517,2,292,A:0.530822,C,0.469178,2,192,A:0.765625,C,0.234375,2,224,A:0.776786,C,0.223214,2,200,A:0.63,C,0.37,2,112,A:0.526786,C,0.473214,NA,NA,NA,NA,NA,NA,NA,NA,NA,NA,NA,NA,NA,NA,NA,NA,NA,NA,NA,NA,NA,NA,NA,NA,NA,NA,NA,NA,NA,NA,NA,NA,NA,NA,NA,NA,NA
Chr05N,1835,18340670,18340810,13.412401551640958,2,292,C:0.989726,T,0.010274,2,192,C:0.984375,T,0.015625,2,224,C:0.986607,T,0.0133929,2,200,C:0.78,T,0.22,2,112,C:0.883929,T,0.116071,NA,NA,NA,NA,NA,NA,NA,NA,NA,NA,NA,NA,NA,NA,NA,NA,NA,NA,NA,NA,NA,NA,NA,NA,NA,NA,NA,NA,NA,NA,NA,NA,NA,NA,NA,NA,NA
Chr07K,4893,48927773,48928301,12.65340349801637,2,292,T:0.989726,G,0.010274,2,192,T:1,G,0,2,224,T:0.986607,G,0.0133929,2,200,T:0.765,G,0.235,2,112,T:0.839286,G,0.160714,NA,NA,NA,NA,NA,NA,NA,NA,NA,NA,NA,NA,NA,NA,NA,NA,NA,NA,NA,NA,NA,NA,NA,NA,NA,NA,NA,NA,NA,NA,NA,NA,NA,NA,NA,NA,NA
Chr01N,5691,56902907,56903964,12.639371832015367,2,292,C:0.0650685,T,0.934932,2,192,C:0.552083,T,0.447917,2,224,C:0.553571,T,0.446429,2,200,C:0.88,T,0.12,2,112,C:0.535714,T,0.464286,NA,NA,NA,NA,NA,NA,NA,NA,NA,NA,NA,NA,NA,NA,NA,NA,NA,NA,NA,NA,NA,NA,NA,NA,NA,NA,NA,NA,NA,NA,NA,NA,NA,NA,NA,NA,NA
Chr07K,4871,48701575,48701945,12.24270860037837,2,292,A:0.989726,T,0.010274,2,192,A:0.791667,T,0.208333,2,224,A:0.825893,T,0.174107,2,200,A:0.96,T,0.04,2,112,A:0.883929,T,0.116071,NA,NA,NA,NA,NA,NA,NA,NA,NA,NA,NA,NA,NA,NA,NA,NA,NA,NA,NA,NA,NA,NA,NA,NA,NA,NA,NA,NA,NA,NA,NA,NA,NA,NA,NA,NA,NA
Chr06K,3752,37514787,37514859,11.773394674082724,2,292,C:0.986301,T,0.0136986,2,192,C:0.583333,T,0.416667,2,224,C:0.6875,T,0.3125,2,200,C:0.995,T,0.005,2,112,C:0.991071,T,0.00892857,NA,NA,NA,NA,NA,NA,NA,NA,NA,NA,NA,NA,NA,NA,NA,NA,NA,NA,NA,NA,NA,NA,NA,NA,NA,NA,NA,NA,NA,NA,NA,NA,NA,NA,NA,NA,NA
Chr07K,3041,30400177,30401141,11.507824352408273,2,292,A:0.986301,C,0.0136986,2,192,A:0.96875,C,0.03125,2,224,A:0.982143,C,0.0178571,2,200,A:0.615,C,0.385,2,112,A:0.919643,C,0.0803571,NA,NA,NA,NA,NA,NA,NA,NA,NA,NA,NA,NA,NA,NA,NA,NA,NA,NA,NA,NA,NA,NA,NA,NA,NA,NA,NA,NA,NA,NA,NA,NA,NA,NA,NA,NA,NA
Chr07K,4429,44285102,44286417,11.444958645490248,2,292,C:1,T,0,2,192,C:0.989583,T,0.0104167,2,224,C:0.991071,T,0.00892857,2,200,C:0.43,T,0.57,2,112,C:0.982143,T,0.0178571,NA,NA,NA,NA,NA,NA,NA,NA,NA,NA,NA,NA,NA,NA,NA,NA,NA,NA,NA,NA,NA,NA,NA,NA,NA,NA,NA,NA,NA,NA,NA,NA,NA,NA,NA,NA,NA
Chr07K,4879,48788437,48788487,10.945420659087937,2,292,C:0.907534,T,0.0924658,2,192,C:0.46875,T,0.53125,2,224,C:0.660714,T,0.339286,2,200,C:0.965,T,0.035,2,112,C:0.732143,T,0.267857,NA,NA,NA,NA,NA,NA,NA,NA,NA,NA,NA,NA,NA,NA,NA,NA,NA,NA,NA,NA,NA,NA,NA,NA,NA,NA,NA,NA,NA,NA,NA,NA,NA,NA,NA,NA,NA
Chr05N,6399,63982849,63982902,10.904319842331738,2,292,C:0.770548,A,0.229452,2,192,C:0.739583,A,0.260417,2,224,C:0.861607,A,0.138393,2,200,C:0.84,A,0.16,2,112,C:0.75,A,0.25,NA,NA,NA,NA,NA,NA,NA,NA,NA,NA,NA,NA,NA,NA,NA,NA,NA,NA,NA,NA,NA,NA,NA,NA,NA,NA,NA,NA,NA,NA,NA,NA,NA,NA,NA,NA,NA
Chr07K,4880,48794339,48795941,10.858518829727318,2,292,C:0.993151,G,0.00684932,2,192,C:0.71875,G,0.28125,2,224,C:0.808036,G,0.191964,2,200,C:0.995,G,0.005,2,112,C:0.883929,G,0.116071,NA,NA,NA,NA,NA,NA,NA,NA,NA,NA,NA,NA,NA,NA,NA,NA,NA,NA,NA,NA,NA,NA,NA,NA,NA,NA,NA,NA,NA,NA,NA,NA,NA,NA,NA,NA,NA
Chr01K,3509,35089300,35089563,10.645367437264365,2,292,C:0.164384,T,0.835616,2,192,C:0.3125,T,0.6875,2,224,C:0.508929,T,0.491071,2,200,C:0.97,T,0.03,2,112,C:0.3125,T,0.6875,NA,NA,NA,NA,NA,NA,NA,NA,NA,NA,NA,NA,NA,NA,NA,NA,NA,NA,NA,NA,NA,NA,NA,NA,NA,NA,NA,NA,NA,NA,NA,NA,NA,NA,NA,NA,NA
Chr02K,4041,40404961,40405769,10.633865653008117,2,292,G:0.921233,C,0.0787671,2,192,G:0.796875,C,0.203125,2,224,G:0.696429,C,0.303571,2,200,G:0.975,C,0.025,2,112,G:0.901786,C,0.0982143,NA,NA,NA,NA,NA,NA,NA,NA,NA,NA,NA,NA,NA,NA,NA,NA,NA,NA,NA,NA,NA,NA,NA,NA,NA,NA,NA,NA,NA,NA,NA,NA,NA,NA,NA,NA,NA
Chr01K,4316,43158066,43158169,10.513468273140028,2,292,G:0.958904,T,0.0410959,2,192,G:0.953125,T,0.046875,2,224,G:0.90625,T,0.09375,2,200,G:0.965,T,0.035,2,112,G:0.982143,T,0.0178571,NA,NA,NA,NA,NA,NA,NA,NA,NA,NA,NA,NA,NA,NA,NA,NA,NA,NA,NA,NA,NA,NA,NA,NA,NA,NA,NA,NA,NA,NA,NA,NA,NA,NA,NA,NA,NA
Chr02K,4607,46065617,46065720,10.096931203203617,2,292,G:0.797945,A,0.202055,2,192,G:0.973958,A,0.0260417,2,224,G:0.977679,A,0.0223214,2,200,G:0.995,A,0.005,2,112,G:0.9375,A,0.0625,NA,NA,NA,NA,NA,NA,NA,NA,NA,NA,NA,NA,NA,NA,NA,NA,NA,NA,NA,NA,NA,NA,NA,NA,NA,NA,NA,NA,NA,NA,NA,NA,NA,NA,NA,NA,NA
Chr04N,3136,31358321,31358692,9.786606855698246,2,292,C:0.688356,T,0.311644,2,192,C:0.984375,T,0.015625,2,224,C:0.977679,T,0.0223214,2,200,C:0.265,T,0.735,2,112,C:0.464286,T,0.535714,NA,NA,NA,NA,NA,NA,NA,NA,NA,NA,NA,NA,NA,NA,NA,NA,NA,NA,NA,NA,NA,NA,NA,NA,NA,NA,NA,NA,NA,NA,NA,NA,NA,NA,NA,NA,NA
Chr02K,4668,46677934,46678711,9.461237823160408,2,292,A:0.335616,G,0.664384,2,192,A:0.75,G,0.25,2,224,A:0.84375,G,0.15625,2,200,A:0.72,G,0.28,2,112,A:0.357143,G,0.642857,46579620,46679620,100001,+,spliceSite,383,17250,Pavir.2KG347856,46629620,-0.27696383594467433,0.06744099705940824,-4.106757729288893,4.6926543422655654e-5,4.6926543422655654e-5,0.613369793633844,46616689,46620782,4094,+,41650739,Pavir.2KG347856.1,Pavir.2KG347856.1.p,PF12708,"PTHR31339,PTHR31339:SF14",NA,NA,NA,NA,AT3G42950.1,NA,Pectin lyase-like superfamily protein,LOC_Os09g26800.1,NA,"polygalacturonase, putative, expressed",12931,8838,8838
Chr02K,4668,46677934,46678711,9.461237823160408,2,292,A:0.335616,G,0.664384,2,192,A:0.75,G,0.25,2,224,A:0.84375,G,0.15625,2,200,A:0.72,G,0.28,2,112,A:0.357143,G,0.642857,46579620,46679620,100001,+,spliceSite,383,17251,Pavir.2KG347860,46629620,-0.27696383594467433,0.06744099705940824,-4.106757729288893,4.6926543422655654e-5,4.6926543422655654e-5,0.613369793633844,46622042,46624525,2484,+,41653626,Pavir.2KG347860.1,Pavir.2KG347860.1.p,PF00504,"PTHR21649,PTHR21649:SF5",NA,NA,K08908,"GO:0016020,GO:0009765",AT1G19150.1,"LHCA2*1,LHCA6",photosystem I light harvesting complex gene 6,LOC_Os09g26810.1,NA,"chlorophyll A-B binding protein, putative, expressed",7578,5095,5095
Chr02K,4668,46677934,46678711,9.461237823160408,2,292,A:0.335616,G,0.664384,2,192,A:0.75,G,0.25,2,224,A:0.84375,G,0.15625,2,200,A:0.72,G,0.28,2,112,A:0.357143,G,0.642857,46579620,46679620,100001,+,spliceSite,383,17252,Pavir.2KG347864,46629620,-0.27696383594467433,0.06744099705940824,-4.106757729288893,4.6926543422655654e-5,4.6926543422655654e-5,0.613369793633844,46627951,46630217,2267,+,41655938,Pavir.2KG347864.1,Pavir.2KG347864.1.p,PF03081,"PTHR12542,PTHR12542:SF37",KOG2344,NA,NA,"GO:0006887,GO:0000145",AT1G72470.1,"ATEXO70D1,EXO70D1",exocyst subunit exo70 family protein D1,LOC_Os09g26820.1,NA,"exo70 exocyst complex subunit, putative, expressed",1669,-597,597
Chr02K,4668,46677934,46678711,9.461237823160408,2,292,A:0.335616,G,0.664384,2,192,A:0.75,G,0.25,2,224,A:0.84375,G,0.15625,2,200,A:0.72,G,0.28,2,112,A:0.357143,G,0.642857,46579620,46679620,100001,+,spliceSite,383,17253,Pavir.2KG347864,46629620,-0.27696383594467433,0.06744099705940824,-4.106757729288893,4.6926543422655654e-5,4.6926543422655654e-5,0.613369793633844,46627951,46630217,2267,+,41655938,Pavir.2KG347864.1,Pavir.2KG347864.1.p,PF03081,"PTHR12542,PTHR12542:SF37",KOG2344,NA,NA,"GO:0006887,GO:0000145",AT1G72470.1,"ATEXO70D1,EXO70D1",exocyst subunit exo70 family protein D1,LOC_Os09g26820.1,NA,"exo70 exocyst complex subunit, putative, expressed",1669,-597,597
Chr02K,4668,46677934,46678711,9.461237823160408,2,292,A:0.335616,G,0.664384,2,192,A:0.75,G,0.25,2,224,A:0.84375,G,0.15625,2,200,A:0.72,G,0.28,2,112,A:0.357143,G,0.642857,46579620,46679620,100001,+,spliceSite,383,17254,Pavir.2KG347872,46629620,-0.27696383594467433,0.06744099705940824,-4.106757729288893,4.6926543422655654e-5,4.6926543422655654e-5,0.613369793633844,46639525,46643179,3655,+,41655804,Pavir.2KG347872.1,Pavir.2KG347872.1.p,PF00012,"PTHR19375,PTHR19375:SF179",NA,NA,K04043,NA,AT5G09590.1,"HSC70-5,MTHSC70-2",mitochondrial HSO70 2,LOC_Os02g53420.1,NA,"DnaK family protein, putative, expressed",-9905,-13559,9905
Chr02K,4668,46677934,46678711,9.461237823160408,2,292,A:0.335616,G,0.664384,2,192,A:0.75,G,0.25,2,224,A:0.84375,G,0.15625,2,200,A:0.72,G,0.28,2,112,A:0.357143,G,0.642857,46579620,46679620,100001,+,spliceSite,383,17255,Pavir.2KG347884,46629620,-0.27696383594467433,0.06744099705940824,-4.106757729288893,4.6926543422655654e-5,4.6926543422655654e-5,0.613369793633844,46666595,46670860,4266,+,41654578,Pavir.2KG347884.1,Pavir.2KG347884.1.p,PF12738,"PTHR13561,PTHR13561:SF29",NA,NA,NA,NA,AT3G43930.1,NA,BRCT domain-containing DNA repair protein,LOC_Os09g26870.1,NA,"BRCA1 C Terminus domain containing protein, expressed",-36975,-41240,36975
Chr02K,4668,46677934,46678711,9.461237823160408,2,292,A:0.335616,G,0.664384,2,192,A:0.75,G,0.25,2,224,A:0.84375,G,0.15625,2,200,A:0.72,G,0.28,2,112,A:0.357143,G,0.642857,46579620,46679620,100001,+,spliceSite,383,17256,Pavir.2KG347884,46629620,-0.27696383594467433,0.06744099705940824,-4.106757729288893,4.6926543422655654e-5,4.6926543422655654e-5,0.613369793633844,46666595,46670860,4266,+,41654578,Pavir.2KG347884.1,Pavir.2KG347884.1.p,PF12738,"PTHR13561,PTHR13561:SF29",NA,NA,NA,NA,AT3G43930.1,NA,BRCT domain-containing DNA repair protein,LOC_Os09g26870.1,NA,"BRCA1 C Terminus domain containing protein, expressed",-36975,-41240,36975
Chr02K,4668,46677934,46678711,9.461237823160408,2,292,A:0.335616,G,0.664384,2,192,A:0.75,G,0.25,2,224,A:0.84375,G,0.15625,2,200,A:0.72,G,0.28,2,112,A:0.357143,G,0.642857,46579620,46679620,100001,+,spliceSite,383,17257,Pavir.2KG347884,46629620,-0.27696383594467433,0.06744099705940824,-4.106757729288893,4.6926543422655654e-5,4.6926543422655654e-5,0.613369793633844,46666595,46670860,4266,+,41654578,Pavir.2KG347884.1,Pavir.2KG347884.1.p,PF12738,"PTHR13561,PTHR13561:SF29",NA,NA,NA,NA,AT3G43930.1,NA,BRCT domain-containing DNA repair protein,LOC_Os09g26870.1,NA,"BRCA1 C Terminus domain containing protein, expressed",-36975,-41240,36975
Chr02K,4668,46677934,46678711,9.461237823160408,2,292,A:0.335616,G,0.664384,2,192,A:0.75,G,0.25,2,224,A:0.84375,G,0.15625,2,200,A:0.72,G,0.28,2,112,A:0.357143,G,0.642857,46579620,46679620,100001,+,spliceSite,383,17258,Pavir.2KG347884,46629620,-0.27696383594467433,0.06744099705940824,-4.106757729288893,4.6926543422655654e-5,4.6926543422655654e-5,0.613369793633844,46666595,46670860,4266,+,41654578,Pavir.2KG347884.1,Pavir.2KG347884.1.p,PF12738,"PTHR13561,PTHR13561:SF29",NA,NA,NA,NA,AT3G43930.1,NA,BRCT domain-containing DNA repair protein,LOC_Os09g26870.1,NA,"BRCA1 C Terminus domain containing protein, expressed",-36975,-41240,36975
Chr02K,4668,46677934,46678711,9.461237823160408,2,292,A:0.335616,G,0.664384,2,192,A:0.75,G,0.25,2,224,A:0.84375,G,0.15625,2,200,A:0.72,G,0.28,2,112,A:0.357143,G,0.642857,46579620,46679620,100001,+,spliceSite,383,21393,Pavir.2KG347844,46629620,-0.27696383594467433,0.06744099705940824,-4.106757729288893,4.6926543422655654e-5,4.6926543422655654e-5,0.613369793633844,46576287,46585273,8987,-,41651204,Pavir.2KG347844.1,Pavir.2KG347844.1.p,"PF00536,PF07522","PTHR23240,PTHR23240:SF10",KOG1361,NA,K15340,GO:0005515,AT2G45700.1,NA,sterile alpha motif (SAM) domain-containing protein,LOC_Os09g26760.1,NA,"DNA repair metallo-beta-lactamase family protein, expressed",53333,44347,44347
Chr02K,4668,46677934,46678711,9.461237823160408,2,292,A:0.335616,G,0.664384,2,192,A:0.75,G,0.25,2,224,A:0.84375,G,0.15625,2,200,A:0.72,G,0.28,2,112,A:0.357143,G,0.642857,46579620,46679620,100001,+,spliceSite,383,21394,Pavir.2KG347844,46629620,-0.27696383594467433,0.06744099705940824,-4.106757729288893,4.6926543422655654e-5,4.6926543422655654e-5,0.613369793633844,46576287,46585273,8987,-,41651204,Pavir.2KG347844.1,Pavir.2KG347844.1.p,"PF00536,PF07522","PTHR23240,PTHR23240:SF10",KOG1361,NA,K15340,GO:0005515,AT2G45700.1,NA,sterile alpha motif (SAM) domain-containing protein,LOC_Os09g26760.1,NA,"DNA repair metallo-beta-lactamase family protein, expressed",53333,44347,44347
Chr02K,4668,46677934,46678711,9.461237823160408,2,292,A:0.335616,G,0.664384,2,192,A:0.75,G,0.25,2,224,A:0.84375,G,0.15625,2,200,A:0.72,G,0.28,2,112,A:0.357143,G,0.642857,46579620,46679620,100001,+,spliceSite,383,21395,Pavir.2KG347848,46629620,-0.27696383594467433,0.06744099705940824,-4.106757729288893,4.6926543422655654e-5,4.6926543422655654e-5,0.613369793633844,46590639,46594184,3546,-,41653887,Pavir.2KG347848.1,Pavir.2KG347848.1.p,"PF06200,PF09425","PTHR33077,PTHR33077:SF12",NA,NA,K13464,NA,AT1G19180.1,"JAZ1,TIFY10A",jasmonate-zim-domain protein 1,LOC_Os09g26780.1,NA,"zinc-finger protein, putative, expressed",38981,35436,35436
Chr02K,4668,46677934,46678711,9.461237823160408,2,292,A:0.335616,G,0.664384,2,192,A:0.75,G,0.25,2,224,A:0.84375,G,0.15625,2,200,A:0.72,G,0.28,2,112,A:0.357143,G,0.642857,46579620,46679620,100001,+,spliceSite,383,21396,Pavir.2KG347848,46629620,-0.27696383594467433,0.06744099705940824,-4.106757729288893,4.6926543422655654e-5,4.6926543422655654e-5,0.613369793633844,46590639,46594184,3546,-,41653887,Pavir.2KG347848.1,Pavir.2KG347848.1.p,"PF06200,PF09425","PTHR33077,PTHR33077:SF12",NA,NA,K13464,NA,AT1G19180.1,"JAZ1,TIFY10A",jasmonate-zim-domain protein 1,LOC_Os09g26780.1,NA,"zinc-finger protein, putative, expressed",38981,35436,35436
Chr02K,4668,46677934,46678711,9.461237823160408,2,292,A:0.335616,G,0.664384,2,192,A:0.75,G,0.25,2,224,A:0.84375,G,0.15625,2,200,A:0.72,G,0.28,2,112,A:0.357143,G,0.642857,46579620,46679620,100001,+,spliceSite,383,21397,Pavir.2KG347852,46629620,-0.27696383594467433,0.06744099705940824,-4.106757729288893,4.6926543422655654e-5,4.6926543422655654e-5,0.613369793633844,46604805,46605633,829,-,41652905,Pavir.2KG347852.1,Pavir.2KG347852.1.p,NA,NA,NA,NA,NA,NA,NA,NA,NA,NA,NA,NA,24815,23987,23987
Chr02K,4668,46677934,46678711,9.461237823160408,2,292,A:0.335616,G,0.664384,2,192,A:0.75,G,0.25,2,224,A:0.84375,G,0.15625,2,200,A:0.72,G,0.28,2,112,A:0.357143,G,0.642857,46579620,46679620,100001,+,spliceSite,383,21398,Pavir.2KG347868,46629620,-0.27696383594467433,0.06744099705940824,-4.106757729288893,4.6926543422655654e-5,4.6926543422655654e-5,0.613369793633844,46632235,46636118,3884,-,41651215,Pavir.2KG347868.1,Pavir.2KG347868.1.p,PF06814,"PTHR21229,PTHR21229:SF15",NA,NA,NA,GO:0016021,AT1G72480.1,NA,Lung seven transmembrane receptor family protein,LOC_Os09g26830.1,NA,"lung seven transmembrane domain containing protein, putative, expressed",-2615,-6498,2615
Chr02K,4668,46677934,46678711,9.461237823160408,2,292,A:0.335616,G,0.664384,2,192,A:0.75,G,0.25,2,224,A:0.84375,G,0.15625,2,200,A:0.72,G,0.28,2,112,A:0.357143,G,0.642857,46579620,46679620,100001,+,spliceSite,383,21399,Pavir.2KG347868,46629620,-0.27696383594467433,0.06744099705940824,-4.106757729288893,4.6926543422655654e-5,4.6926543422655654e-5,0.613369793633844,46632235,46636118,3884,-,41651215,Pavir.2KG347868.1,Pavir.2KG347868.1.p,PF06814,"PTHR21229,PTHR21229:SF15",NA,NA,NA,GO:0016021,AT1G72480.1,NA,Lung seven transmembrane receptor family protein,LOC_Os09g26830.1,NA,"lung seven transmembrane domain containing protein, putative, expressed",-2615,-6498,2615
Chr02K,4668,46677934,46678711,9.461237823160408,2,292,A:0.335616,G,0.664384,2,192,A:0.75,G,0.25,2,224,A:0.84375,G,0.15625,2,200,A:0.72,G,0.28,2,112,A:0.357143,G,0.642857,46579620,46679620,100001,+,spliceSite,383,21400,Pavir.2KG347876,46629620,-0.27696383594467433,0.06744099705940824,-4.106757729288893,4.6926543422655654e-5,4.6926543422655654e-5,0.613369793633844,46643811,46646794,2984,-,41658519,Pavir.2KG347876.1,Pavir.2KG347876.1.p,NA,"PTHR34045,PTHR34045:SF5",NA,NA,NA,NA,AT1G72490.1,NA,NA,LOC_Os09g26840.1,NA,expressed protein,-14191,-17174,14191
Chr02K,4668,46677934,46678711,9.461237823160408,2,292,A:0.335616,G,0.664384,2,192,A:0.75,G,0.25,2,224,A:0.84375,G,0.15625,2,200,A:0.72,G,0.28,2,112,A:0.357143,G,0.642857,46579620,46679620,100001,+,spliceSite,383,21401,Pavir.2KG347880,46629620,-0.27696383594467433,0.06744099705940824,-4.106757729288893,4.6926543422655654e-5,4.6926543422655654e-5,0.613369793633844,46650703,46651680,978,-,41657051,Pavir.2KG347880.1,Pavir.2KG347880.1.p,PF06839,"PTHR33248,PTHR33248:SF2",NA,NA,NA,GO:0008270,NA,NA,NA,LOC_Os12g08530.1,NA,expressed protein,-21083,-22060,21083
Chr02K,4668,46677934,46678711,9.461237823160408,2,292,A:0.335616,G,0.664384,2,192,A:0.75,G,0.25,2,224,A:0.84375,G,0.15625,2,200,A:0.72,G,0.28,2,112,A:0.357143,G,0.642857,46579620,46679620,100001,+,spliceSite,383,21402,Pavir.2KG347888,46629620,-0.27696383594467433,0.06744099705940824,-4.106757729288893,4.6926543422655654e-5,4.6926543422655654e-5,0.613369793633844,46671098,46683448,12351,-,41658917,Pavir.2KG347888.1,Pavir.2KG347888.1.p,PF00171,"PTHR11699,PTHR11699:SF144",NA,1.2.1.5,K14085,"GO:0055114,GO:0016491,GO:0008152",AT1G54100.2,ALDH7B4,aldehyde dehydrogenase 7B4,LOC_Os09g26880.1,NA,"aldehyde dehydrogenase, putative, expressed",-41478,-53828,41478
Chr09N,5943,59425050,59425230,9.215873072662953,2,292,G:0.876712,A,0.123288,2,192,G:0.723958,A,0.276042,2,224,G:0.714286,A,0.285714,2,200,G:0.81,A,0.19,2,112,G:0.803571,A,0.196429,NA,NA,NA,NA,NA,NA,NA,NA,NA,NA,NA,NA,NA,NA,NA,NA,NA,NA,NA,NA,NA,NA,NA,NA,NA,NA,NA,NA,NA,NA,NA,NA,NA,NA,NA,NA,NA
Chr01K,1831,18308539,18308580,9.130414716153524,2,292,T:1,G,0,2,192,T:1,G,0,2,224,T:0.991071,G,0.00892857,2,200,T:0.655,G,0.345,2,112,T:1,G,0,NA,NA,NA,NA,NA,NA,NA,NA,NA,NA,NA,NA,NA,NA,NA,NA,NA,NA,NA,NA,NA,NA,NA,NA,NA,NA,NA,NA,NA,NA,NA,NA,NA,NA,NA,NA,NA
Chr05K,1868,18671390,18672472,9.102003385593612,2,292,G:0.695205,T,0.304795,2,192,G:0.609375,T,0.390625,2,224,G:0.477679,T,0.522321,2,200,G:0.385,T,0.615,2,112,G:0.625,T,0.375,NA,NA,NA,NA,NA,NA,NA,NA,NA,NA,NA,NA,NA,NA,NA,NA,NA,NA,NA,NA,NA,NA,NA,NA,NA,NA,NA,NA,NA,NA,NA,NA,NA,NA,NA,NA,NA
Chr05N,2422,24213001,24213101,9.090980832059552,2,292,C:0.80137,T,0.19863,2,192,C:0.380208,T,0.619792,2,224,C:0.308036,T,0.691964,2,200,C:0.645,T,0.355,2,112,C:0.785714,T,0.214286,NA,NA,NA,NA,NA,NA,NA,NA,NA,NA,NA,NA,NA,NA,NA,NA,NA,NA,NA,NA,NA,NA,NA,NA,NA,NA,NA,NA,NA,NA,NA,NA,NA,NA,NA,NA,NA
Chr09N,2109,21083959,21084327,9.089316536083851,2,292,C:0.202055,T,0.797945,2,192,C:0.322917,T,0.677083,2,224,C:0.558036,T,0.441964,2,200,C:0.78,T,0.22,2,112,C:0.535714,T,0.464286,NA,NA,NA,NA,NA,NA,NA,NA,NA,NA,NA,NA,NA,NA,NA,NA,NA,NA,NA,NA,NA,NA,NA,NA,NA,NA,NA,NA,NA,NA,NA,NA,NA,NA,NA,NA,NA
Chr08K,1027,10265170,10265345,8.942640486592373,2,292,A:0.616438,C,0.383562,2,192,A:0.614583,C,0.385417,2,224,A:0.504464,C,0.495536,2,200,A:0.435,C,0.565,2,112,A:0.5,C,0.5,NA,NA,NA,NA,NA,NA,NA,NA,NA,NA,NA,NA,NA,NA,NA,NA,NA,NA,NA,NA,NA,NA,NA,NA,NA,NA,NA,NA,NA,NA,NA,NA,NA,NA,NA,NA,NA
Chr07N,627,6268010,6268245,8.897868690544865,2,292,C:0.356164,T,0.643836,2,192,C:0.442708,T,0.557292,2,224,C:0.415179,T,0.584821,2,200,C:0.87,T,0.13,2,112,C:0.741071,T,0.258929,NA,NA,NA,NA,NA,NA,NA,NA,NA,NA,NA,NA,NA,NA,NA,NA,NA,NA,NA,NA,NA,NA,NA,NA,NA,NA,NA,NA,NA,NA,NA,NA,NA,NA,NA,NA,NA
Chr07N,4692,46916732,46917375,8.885080305334924,2,292,C:0.996575,T,0.00342466,2,192,C:0.833333,T,0.166667,2,224,C:0.897321,T,0.102679,2,200,C:0.995,T,0.005,2,112,C:0.883929,T,0.116071,NA,NA,NA,NA,NA,NA,NA,NA,NA,NA,NA,NA,NA,NA,NA,NA,NA,NA,NA,NA,NA,NA,NA,NA,NA,NA,NA,NA,NA,NA,NA,NA,NA,NA,NA,NA,NA
Chr08N,4979,49782974,49783596,8.802672011077558,2,292,A:0.44863,C,0.55137,2,192,A:0.625,C,0.375,2,224,A:0.8125,C,0.1875,2,200,A:0.505,C,0.495,2,112,A:0.508929,C,0.491071,NA,NA,NA,NA,NA,NA,NA,NA,NA,NA,NA,NA,NA,NA,NA,NA,NA,NA,NA,NA,NA,NA,NA,NA,NA,NA,NA,NA,NA,NA,NA,NA,NA,NA,NA,NA,NA
Chr03N,6186,61850768,61850879,8.566769200182158,2,292,C:0.993151,T,0.00684932,2,192,C:0.817708,T,0.182292,2,224,C:0.959821,T,0.0401786,2,200,C:0.825,T,0.175,2,112,C:0.928571,T,0.0714286,NA,NA,NA,NA,NA,NA,NA,NA,NA,NA,NA,NA,NA,NA,NA,NA,NA,NA,NA,NA,NA,NA,NA,NA,NA,NA,NA,NA,NA,NA,NA,NA,NA,NA,NA,NA,NA
Chr08K,1039,10387268,10387362,8.509455645324604,2,292,A:0.544521,G,0.455479,2,192,A:0.53125,G,0.46875,2,224,A:0.803571,G,0.196429,2,200,A:0.865,G,0.135,2,112,A:0.776786,G,0.223214,NA,NA,NA,NA,NA,NA,NA,NA,NA,NA,NA,NA,NA,NA,NA,NA,NA,NA,NA,NA,NA,NA,NA,NA,NA,NA,NA,NA,NA,NA,NA,NA,NA,NA,NA,NA,NA
Chr01K,3862,38612473,38612677,8.500102526035253,2,292,G:0.962329,A,0.0376712,2,192,G:0.473958,A,0.526042,2,224,G:0.526786,A,0.473214,2,200,G:0.905,A,0.095,2,112,G:0.991071,A,0.00892857,NA,NA,NA,NA,NA,NA,NA,NA,NA,NA,NA,NA,NA,NA,NA,NA,NA,NA,NA,NA,NA,NA,NA,NA,NA,NA,NA,NA,NA,NA,NA,NA,NA,NA,NA,NA,NA
Chr05N,4487,44865921,44866172,8.387402340908832,2,292,C:0.996575,T,0.00342466,2,192,C:0.9375,T,0.0625,2,224,C:0.754464,T,0.245536,2,200,C:0.99,T,0.01,2,112,C:1,T,0,NA,NA,NA,NA,NA,NA,NA,NA,NA,NA,NA,NA,NA,NA,NA,NA,NA,NA,NA,NA,NA,NA,NA,NA,NA,NA,NA,NA,NA,NA,NA,NA,NA,NA,NA,NA,NA
Chr01K,1814,18130836,18130930,8.209027682097773,2,292,C:0.986301,T,0.0136986,2,192,C:0.984375,T,0.015625,2,224,C:0.933036,T,0.0669643,2,200,C:0.685,T,0.315,2,112,C:0.9375,T,0.0625,NA,NA,NA,NA,NA,NA,NA,NA,NA,NA,NA,NA,NA,NA,NA,NA,NA,NA,NA,NA,NA,NA,NA,NA,NA,NA,NA,NA,NA,NA,NA,NA,NA,NA,NA,NA,NA
Chr09N,6798,67971301,67971554,8.187862983220036,2,292,G:0.619863,A,0.380137,2,192,G:0.958333,A,0.0416667,2,224,G:1,A,0,2,200,G:0.995,A,0.005,2,112,G:0.714286,A,0.285714,NA,NA,NA,NA,NA,NA,NA,NA,NA,NA,NA,NA,NA,NA,NA,NA,NA,NA,NA,NA,NA,NA,NA,NA,NA,NA,NA,NA,NA,NA,NA,NA,NA,NA,NA,NA,NA
Chr04N,4498,44970094,44970175,8.072098793294021,2,292,G:0.955479,A,0.0445205,2,192,G:0.703125,A,0.296875,2,224,G:0.59375,A,0.40625,2,200,G:0.98,A,0.02,2,112,G:0.776786,A,0.223214,NA,NA,NA,NA,NA,NA,NA,NA,NA,NA,NA,NA,NA,NA,NA,NA,NA,NA,NA,NA,NA,NA,NA,NA,NA,NA,NA,NA,NA,NA,NA,NA,NA,NA,NA,NA,NA
Chr04K,50,489943,490007,8.051666714666016,2,292,T:0.873288,C,0.126712,2,192,T:0.697917,C,0.302083,2,224,T:0.620536,C,0.379464,2,200,T:0.85,C,0.15,2,112,T:0.669643,C,0.330357,NA,NA,NA,NA,NA,NA,NA,NA,NA,NA,NA,NA,NA,NA,NA,NA,NA,NA,NA,NA,NA,NA,NA,NA,NA,NA,NA,NA,NA,NA,NA,NA,NA,NA,NA,NA,NA
Chr05K,1020,10196546,10196769,8.020010917994107,2,292,T:0.445205,C,0.554795,2,192,T:0.572917,C,0.427083,2,224,T:0.366071,C,0.633929,2,200,T:0.87,C,0.13,2,112,T:0.848214,C,0.151786,NA,NA,NA,NA,NA,NA,NA,NA,NA,NA,NA,NA,NA,NA,NA,NA,NA,NA,NA,NA,NA,NA,NA,NA,NA,NA,NA,NA,NA,NA,NA,NA,NA,NA,NA,NA,NA
Chr08N,1526,15259753,15259814,7.962573026148084,2,292,A:0.982877,G,0.0171233,2,192,A:0.895833,G,0.104167,2,224,A:0.852679,G,0.147321,2,200,A:0.81,G,0.19,2,112,A:0.892857,G,0.107143,NA,NA,NA,NA,NA,NA,NA,NA,NA,NA,NA,NA,NA,NA,NA,NA,NA,NA,NA,NA,NA,NA,NA,NA,NA,NA,NA,NA,NA,NA,NA,NA,NA,NA,NA,NA,NA
Chr05K,887,8860305,8860412,7.951506621969126,2,292,T:0.989726,A,0.010274,2,192,T:0.791667,A,0.208333,2,224,T:0.852679,A,0.147321,2,200,T:0.995,A,0.005,2,112,T:1,A,0,NA,NA,NA,NA,NA,NA,NA,NA,NA,NA,NA,NA,NA,NA,NA,NA,NA,NA,NA,NA,NA,NA,NA,NA,NA,NA,NA,NA,NA,NA,NA,NA,NA,NA,NA,NA,NA
Chr04N,4591,45902083,45902609,7.86833475331859,2,292,A:0.828767,G,0.171233,2,192,A:1,G,0,2,224,A:1,G,0,2,200,A:0.995,G,0.005,2,112,A:0.973214,G,0.0267857,NA,NA,NA,NA,NA,NA,NA,NA,NA,NA,NA,NA,NA,NA,NA,NA,NA,NA,NA,NA,NA,NA,NA,NA,NA,NA,NA,NA,NA,NA,NA,NA,NA,NA,NA,NA,NA
Chr04K,2873,28720242,28720301,7.771520288923235,2,292,A:1,T,0,2,192,A:0.994792,T,0.00520833,2,224,A:0.986607,T,0.0133929,2,200,A:0.58,T,0.42,2,112,A:1,T,0,NA,NA,NA,NA,NA,NA,NA,NA,NA,NA,NA,NA,NA,NA,NA,NA,NA,NA,NA,NA,NA,NA,NA,NA,NA,NA,NA,NA,NA,NA,NA,NA,NA,NA,NA,NA,NA
Chr03K,5990,59893455,59893709,7.771390176789432,2,292,G:0.232877,A,0.767123,2,192,G:0.546875,A,0.453125,2,224,G:0.558036,A,0.441964,2,200,G:0.85,A,0.15,2,112,G:0.5,A,0.5,NA,NA,NA,NA,NA,NA,NA,NA,NA,NA,NA,NA,NA,NA,NA,NA,NA,NA,NA,NA,NA,NA,NA,NA,NA,NA,NA,NA,NA,NA,NA,NA,NA,NA,NA,NA,NA
Chr01K,1832,18310004,18310212,7.76464192042544,2,292,A:1,G,0,2,192,A:0.994792,G,0.00520833,2,224,A:0.991071,G,0.00892857,2,200,A:0.715,G,0.285,2,112,A:1,G,0,NA,NA,NA,NA,NA,NA,NA,NA,NA,NA,NA,NA,NA,NA,NA,NA,NA,NA,NA,NA,NA,NA,NA,NA,NA,NA,NA,NA,NA,NA,NA,NA,NA,NA,NA,NA,NA
Chr07K,4882,48813350,48813563,7.738513259020624,2,292,C:0.969178,T,0.0308219,2,192,C:0.505208,T,0.494792,2,224,C:0.589286,T,0.410714,2,200,C:0.97,T,0.03,2,112,C:0.830357,T,0.169643,NA,NA,NA,NA,NA,NA,NA,NA,NA,NA,NA,NA,NA,NA,NA,NA,NA,NA,NA,NA,NA,NA,NA,NA,NA,NA,NA,NA,NA,NA,NA,NA,NA,NA,NA,NA,NA
Chr09K,2138,21375459,21375789,7.642590100404169,2,292,C:0.989726,T,0.010274,2,192,C:0.90625,T,0.09375,2,224,C:0.767857,T,0.232143,2,200,C:0.305,T,0.695,2,112,C:0.982143,T,0.0178571,NA,NA,NA,NA,NA,NA,NA,NA,NA,NA,NA,NA,NA,NA,NA,NA,NA,NA,NA,NA,NA,NA,NA,NA,NA,NA,NA,NA,NA,NA,NA,NA,NA,NA,NA,NA,NA
Chr05N,4481,44800693,44800917,7.473488920668663,2,292,C:0.996575,A,0.00342466,2,192,C:0.885417,A,0.114583,2,224,C:0.776786,A,0.223214,2,200,C:0.98,A,0.02,2,112,C:1,A,0,NA,NA,NA,NA,NA,NA,NA,NA,NA,NA,NA,NA,NA,NA,NA,NA,NA,NA,NA,NA,NA,NA,NA,NA,NA,NA,NA,NA,NA,NA,NA,NA,NA,NA,NA,NA,NA
Chr05N,2422,24212137,24212416,7.458899406377098,2,292,T:0.791096,C,0.208904,2,192,T:0.333333,C,0.666667,2,224,T:0.455357,C,0.544643,2,200,T:0.515,C,0.485,2,112,T:0.75,C,0.25,NA,NA,NA,NA,NA,NA,NA,NA,NA,NA,NA,NA,NA,NA,NA,NA,NA,NA,NA,NA,NA,NA,NA,NA,NA,NA,NA,NA,NA,NA,NA,NA,NA,NA,NA,NA,NA
Chr01K,5562,55611550,55611734,7.413872400071159,2,292,T:0.89726,C,0.10274,2,192,T:0.927083,C,0.0729167,2,224,T:0.96875,C,0.03125,2,200,T:0.435,C,0.565,2,112,T:0.508929,C,0.491071,NA,NA,NA,NA,NA,NA,NA,NA,NA,NA,NA,NA,NA,NA,NA,NA,NA,NA,NA,NA,NA,NA,NA,NA,NA,NA,NA,NA,NA,NA,NA,NA,NA,NA,NA,NA,NA
Chr03K,712,7110136,7110329,7.358709059462553,2,292,C:0.849315,A,0.150685,2,192,C:0.65625,A,0.34375,2,224,C:0.598214,A,0.401786,2,200,C:0.03,A,0.97,2,112,C:0.776786,A,0.223214,NA,NA,NA,NA,NA,NA,NA,NA,NA,NA,NA,NA,NA,NA,NA,NA,NA,NA,NA,NA,NA,NA,NA,NA,NA,NA,NA,NA,NA,NA,NA,NA,NA,NA,NA,NA,NA
Chr05K,1648,16478320,16478470,7.284886058588547,2,292,T:0.527397,A,0.472603,2,192,T:0.979167,A,0.0208333,2,224,T:0.96875,A,0.03125,2,200,T:0.32,A,0.68,2,112,T:0.964286,A,0.0357143,NA,NA,NA,NA,NA,NA,NA,NA,NA,NA,NA,NA,NA,NA,NA,NA,NA,NA,NA,NA,NA,NA,NA,NA,NA,NA,NA,NA,NA,NA,NA,NA,NA,NA,NA,NA,NA
Chr05N,4481,44805728,44806087,7.214796810336549,2,292,C:0.989726,T,0.010274,2,192,C:0.817708,T,0.182292,2,224,C:0.647321,T,0.352679,2,200,C:0.975,T,0.025,2,112,C:0.821429,T,0.178571,NA,NA,NA,NA,NA,NA,NA,NA,NA,NA,NA,NA,NA,NA,NA,NA,NA,NA,NA,NA,NA,NA,NA,NA,NA,NA,NA,NA,NA,NA,NA,NA,NA,NA,NA,NA,NA
Chr09N,915,9147098,9147276,7.109493014835186,2,292,G:1,A,0,2,192,G:0.994792,A,0.00520833,2,224,G:0.991071,A,0.00892857,2,200,G:0.325,A,0.675,2,112,G:0.991071,A,0.00892857,NA,NA,NA,NA,NA,NA,NA,NA,NA,NA,NA,NA,NA,NA,NA,NA,NA,NA,NA,NA,NA,NA,NA,NA,NA,NA,NA,NA,NA,NA,NA,NA,NA,NA,NA,NA,NA
Chr08N,1068,10670990,10671356,7.093182877005198,2,292,A:0.825342,G,0.174658,2,192,A:0.859375,G,0.140625,2,224,A:0.691964,G,0.308036,2,200,A:0.51,G,0.49,2,112,A:0.758929,G,0.241071,NA,NA,NA,NA,NA,NA,NA,NA,NA,NA,NA,NA,NA,NA,NA,NA,NA,NA,NA,NA,NA,NA,NA,NA,NA,NA,NA,NA,NA,NA,NA,NA,NA,NA,NA,NA,NA
Chr07N,2734,27333827,27334003,7.0187938498668405,2,292,T:0.712329,C,0.287671,2,192,T:0.552083,C,0.447917,2,224,T:0.59375,C,0.40625,2,200,T:0.76,C,0.24,2,112,T:0.473214,C,0.526786,NA,NA,NA,NA,NA,NA,NA,NA,NA,NA,NA,NA,NA,NA,NA,NA,NA,NA,NA,NA,NA,NA,NA,NA,NA,NA,NA,NA,NA,NA,NA,NA,NA,NA,NA,NA,NA
Chr01K,5562,55612508,55612646,6.984127388413793,2,292,G:0.890411,T,0.109589,2,192,G:0.994792,T,0.00520833,2,224,G:0.977679,T,0.0223214,2,200,G:0.375,T,0.625,2,112,G:0.473214,T,0.526786,NA,NA,NA,NA,NA,NA,NA,NA,NA,NA,NA,NA,NA,NA,NA,NA,NA,NA,NA,NA,NA,NA,NA,NA,NA,NA,NA,NA,NA,NA,NA,NA,NA,NA,NA,NA,NA
Chr05N,7105,71042496,71042599,6.980697237720612,2,292,T:0.972603,A,0.0273973,2,192,T:0.489583,A,0.510417,2,224,T:0.754464,A,0.245536,2,200,T:0.79,A,0.21,2,112,T:0.973214,A,0.0267857,NA,NA,NA,NA,NA,NA,NA,NA,NA,NA,NA,NA,NA,NA,NA,NA,NA,NA,NA,NA,NA,NA,NA,NA,NA,NA,NA,NA,NA,NA,NA,NA,NA,NA,NA,NA,NA
Chr01N,4634,46339705,46339802,6.979207721740405,2,292,T:0.253425,C,0.746575,2,192,T:0.463542,C,0.536458,2,224,T:0.486607,C,0.513393,2,200,T:0.95,C,0.05,2,112,T:0.660714,C,0.339286,NA,NA,NA,NA,NA,NA,NA,NA,NA,NA,NA,NA,NA,NA,NA,NA,NA,NA,NA,NA,NA,NA,NA,NA,NA,NA,NA,NA,NA,NA,NA,NA,NA,NA,NA,NA,NA
Chr07N,4692,46914510,46914774,6.95548405929255,2,292,C:0.989726,T,0.010274,2,192,C:0.828125,T,0.171875,2,224,C:0.879464,T,0.120536,2,200,C:1,T,0,2,112,C:0.9375,T,0.0625,NA,NA,NA,NA,NA,NA,NA,NA,NA,NA,NA,NA,NA,NA,NA,NA,NA,NA,NA,NA,NA,NA,NA,NA,NA,NA,NA,NA,NA,NA,NA,NA,NA,NA,NA,NA,NA
Chr06N,4431,44304833,44304901,6.947284502922367,2,292,T:0.979452,C,0.0205479,2,192,T:0.619792,C,0.380208,2,224,T:0.714286,C,0.285714,2,200,T:0.99,C,0.01,2,112,T:0.910714,C,0.0892857,NA,NA,NA,NA,NA,NA,NA,NA,NA,NA,NA,NA,NA,NA,NA,NA,NA,NA,NA,NA,NA,NA,NA,NA,NA,NA,NA,NA,NA,NA,NA,NA,NA,NA,NA,NA,NA
Chr05N,1785,17846037,17846148,6.9278695999688304,2,292,A:0.869863,G,0.130137,2,192,A:0.984375,G,0.015625,2,224,A:0.964286,G,0.0357143,2,200,A:0.475,G,0.525,2,112,A:0.857143,G,0.142857,NA,NA,NA,NA,NA,NA,NA,NA,NA,NA,NA,NA,NA,NA,NA,NA,NA,NA,NA,NA,NA,NA,NA,NA,NA,NA,NA,NA,NA,NA,NA,NA,NA,NA,NA,NA,NA
Chr05N,5133,51321238,51321545,6.926072930532655,2,292,T:0.976027,A,0.0239726,2,192,T:0.651042,A,0.348958,2,224,T:0.660714,A,0.339286,2,200,T:0.995,A,0.005,2,112,T:0.982143,A,0.0178571,NA,NA,NA,NA,NA,NA,NA,NA,NA,NA,NA,NA,NA,NA,NA,NA,NA,NA,NA,NA,NA,NA,NA,NA,NA,NA,NA,NA,NA,NA,NA,NA,NA,NA,NA,NA,NA
Chr08N,128,1278221,1278255,6.916319512009366,2,292,C:0.773973,T,0.226027,2,192,C:0.916667,T,0.0833333,2,224,C:0.727679,T,0.272321,2,200,C:0.925,T,0.075,2,112,C:0.758929,T,0.241071,NA,NA,NA,NA,NA,NA,NA,NA,NA,NA,NA,NA,NA,NA,NA,NA,NA,NA,NA,NA,NA,NA,NA,NA,NA,NA,NA,NA,NA,NA,NA,NA,NA,NA,NA,NA,NA
Chr02K,2278,22771579,22771756,6.851050353986239,2,292,C:0.739726,A,0.260274,2,192,C:0.421875,A,0.578125,2,224,C:0.241071,A,0.758929,2,200,C:0.915,A,0.085,2,112,C:0.5,A,0.5,NA,NA,NA,NA,NA,NA,NA,NA,NA,NA,NA,NA,NA,NA,NA,NA,NA,NA,NA,NA,NA,NA,NA,NA,NA,NA,NA,NA,NA,NA,NA,NA,NA,NA,NA,NA,NA
Chr06K,3752,37511747,37511943,6.827914657642822,2,292,C:0.993151,A,0.00684932,2,192,C:0.578125,A,0.421875,2,224,C:0.723214,A,0.276786,2,200,C:0.98,A,0.02,2,112,C:0.991071,A,0.00892857,NA,NA,NA,NA,NA,NA,NA,NA,NA,NA,NA,NA,NA,NA,NA,NA,NA,NA,NA,NA,NA,NA,NA,NA,NA,NA,NA,NA,NA,NA,NA,NA,NA,NA,NA,NA,NA
Chr03N,1293,12926485,12927050,6.775992293791946,2,292,C:1,T,0,2,192,C:0.984375,T,0.015625,2,224,C:0.977679,T,0.0223214,2,200,C:0.29,T,0.71,2,112,C:0.991071,T,0.00892857,NA,NA,NA,NA,NA,NA,NA,NA,NA,NA,NA,NA,NA,NA,NA,NA,NA,NA,NA,NA,NA,NA,NA,NA,NA,NA,NA,NA,NA,NA,NA,NA,NA,NA,NA,NA,NA
Chr04N,109,1080795,1081086,6.734300639718127,2,292,G:0.664384,A,0.335616,2,192,G:0.822917,A,0.177083,2,224,G:0.785714,A,0.214286,2,200,G:0.085,A,0.915,2,112,G:0.625,A,0.375,NA,NA,NA,NA,NA,NA,NA,NA,NA,NA,NA,NA,NA,NA,NA,NA,NA,NA,NA,NA,NA,NA,NA,NA,NA,NA,NA,NA,NA,NA,NA,NA,NA,NA,NA,NA,NA
Chr01K,1106,11053563,11053616,6.725019704881282,2,292,G:0.784247,A,0.215753,2,192,G:0.78125,A,0.21875,2,224,G:0.879464,A,0.120536,2,200,G:0.785,A,0.215,2,112,G:0.732143,A,0.267857,NA,NA,NA,NA,NA,NA,NA,NA,NA,NA,NA,NA,NA,NA,NA,NA,NA,NA,NA,NA,NA,NA,NA,NA,NA,NA,NA,NA,NA,NA,NA,NA,NA,NA,NA,NA,NA
Chr01N,319,3187718,3188014,6.605718287710827,2,292,G:0.650685,A,0.349315,2,192,G:0.770833,A,0.229167,2,224,G:0.59375,A,0.40625,2,200,G:0.99,A,0.01,2,112,G:0.669643,A,0.330357,NA,NA,NA,NA,NA,NA,NA,NA,NA,NA,NA,NA,NA,NA,NA,NA,NA,NA,NA,NA,NA,NA,NA,NA,NA,NA,NA,NA,NA,NA,NA,NA,NA,NA,NA,NA,NA
Chr02N,3535,35342452,35342573,6.599134738182033,2,292,C:0.907534,T,0.0924658,2,192,C:0.807292,T,0.192708,2,224,C:0.790179,T,0.209821,2,200,C:0.53,T,0.47,2,112,C:0.875,T,0.125,NA,NA,NA,NA,NA,NA,NA,NA,NA,NA,NA,NA,NA,NA,NA,NA,NA,NA,NA,NA,NA,NA,NA,NA,NA,NA,NA,NA,NA,NA,NA,NA,NA,NA,NA,NA,NA
Chr08K,266,2657756,2657811,6.575109711509635,2,292,G:0.873288,A,0.126712,2,192,G:0.963542,A,0.0364583,2,224,G:0.950893,A,0.0491071,2,200,G:0.505,A,0.495,2,112,G:0.910714,A,0.0892857,NA,NA,NA,NA,NA,NA,NA,NA,NA,NA,NA,NA,NA,NA,NA,NA,NA,NA,NA,NA,NA,NA,NA,NA,NA,NA,NA,NA,NA,NA,NA,NA,NA,NA,NA,NA,NA
Chr04N,4535,45344740,45344855,6.534993016446954,2,292,T:0.969178,C,0.0308219,2,192,T:0.96875,C,0.03125,2,224,T:0.825893,C,0.174107,2,200,T:0.9,C,0.1,2,112,T:0.982143,C,0.0178571,NA,NA,NA,NA,NA,NA,NA,NA,NA,NA,NA,NA,NA,NA,NA,NA,NA,NA,NA,NA,NA,NA,NA,NA,NA,NA,NA,NA,NA,NA,NA,NA,NA,NA,NA,NA,NA
Chr03K,958,9571563,9571926,6.525534203742319,2,292,G:0.561644,C,0.438356,2,192,G:0.796875,C,0.203125,2,224,G:0.370536,C,0.629464,2,200,G:0.865,C,0.135,2,112,G:0.178571,C,0.821429,NA,NA,NA,NA,NA,NA,NA,NA,NA,NA,NA,NA,NA,NA,NA,NA,NA,NA,NA,NA,NA,NA,NA,NA,NA,NA,NA,NA,NA,NA,NA,NA,NA,NA,NA,NA,NA
Chr03N,4930,49295273,49295364,6.416701331677652,2,292,C:0.938356,T,0.0616438,2,192,C:0.828125,T,0.171875,2,224,C:0.892857,T,0.107143,2,200,C:0.79,T,0.21,2,112,C:1,T,0,NA,NA,NA,NA,NA,NA,NA,NA,NA,NA,NA,NA,NA,NA,NA,NA,NA,NA,NA,NA,NA,NA,NA,NA,NA,NA,NA,NA,NA,NA,NA,NA,NA,NA,NA,NA,NA
Chr01K,3416,34152460,34152557,6.358130243334843,2,292,C:0.780822,T,0.219178,2,192,C:0.989583,T,0.0104167,2,224,C:0.995536,T,0.00446429,2,200,C:0.91,T,0.09,2,112,C:0.866071,T,0.133929,NA,NA,NA,NA,NA,NA,NA,NA,NA,NA,NA,NA,NA,NA,NA,NA,NA,NA,NA,NA,NA,NA,NA,NA,NA,NA,NA,NA,NA,NA,NA,NA,NA,NA,NA,NA,NA
Chr06N,4431,44303929,44304001,6.346780832396009,2,292,T:0.979452,A,0.0205479,2,192,T:0.588542,A,0.411458,2,224,T:0.660714,A,0.339286,2,200,T:0.955,A,0.045,2,112,T:0.964286,A,0.0357143,NA,NA,NA,NA,NA,NA,NA,NA,NA,NA,NA,NA,NA,NA,NA,NA,NA,NA,NA,NA,NA,NA,NA,NA,NA,NA,NA,NA,NA,NA,NA,NA,NA,NA,NA,NA,NA
Chr01K,3416,34158611,34159296,6.345360629647085,2,292,T:0.544521,A,0.455479,2,192,T:0.682292,A,0.317708,2,224,T:0.794643,A,0.205357,2,200,T:0.58,A,0.42,2,112,T:0.125,A,0.875,NA,NA,NA,NA,NA,NA,NA,NA,NA,NA,NA,NA,NA,NA,NA,NA,NA,NA,NA,NA,NA,NA,NA,NA,NA,NA,NA,NA,NA,NA,NA,NA,NA,NA,NA,NA,NA
Chr08N,4023,40225435,40225549,6.315612708238628,2,292,A:0.65411,C,0.34589,2,192,A:0.588542,C,0.411458,2,224,A:0.571429,C,0.428571,2,200,A:0.725,C,0.275,2,112,A:0.553571,C,0.446429,NA,NA,NA,NA,NA,NA,NA,NA,NA,NA,NA,NA,NA,NA,NA,NA,NA,NA,NA,NA,NA,NA,NA,NA,NA,NA,NA,NA,NA,NA,NA,NA,NA,NA,NA,NA,NA
Chr02K,4041,40403601,40403663,6.222665526948633,2,292,A:0.797945,G,0.202055,2,192,A:0.953125,G,0.046875,2,224,A:0.950893,G,0.0491071,2,200,A:0.73,G,0.27,2,112,A:0.910714,G,0.0892857,NA,NA,NA,NA,NA,NA,NA,NA,NA,NA,NA,NA,NA,NA,NA,NA,NA,NA,NA,NA,NA,NA,NA,NA,NA,NA,NA,NA,NA,NA,NA,NA,NA,NA,NA,NA,NA
Chr03N,481,4805385,4806098,6.209078654352355,2,292,A:0.811644,G,0.188356,2,192,A:0.979167,G,0.0208333,2,224,A:0.977679,G,0.0223214,2,200,A:0.14,G,0.86,2,112,A:0.875,G,0.125,NA,NA,NA,NA,NA,NA,NA,NA,NA,NA,NA,NA,NA,NA,NA,NA,NA,NA,NA,NA,NA,NA,NA,NA,NA,NA,NA,NA,NA,NA,NA,NA,NA,NA,NA,NA,NA
Chr01N,3382,33817832,33818220,6.184040941521077,2,292,G:1,A,0,2,192,G:0.973958,A,0.0260417,2,224,G:0.803571,A,0.196429,2,200,G:0.61,A,0.39,2,112,G:0.991071,A,0.00892857,NA,NA,NA,NA,NA,NA,NA,NA,NA,NA,NA,NA,NA,NA,NA,NA,NA,NA,NA,NA,NA,NA,NA,NA,NA,NA,NA,NA,NA,NA,NA,NA,NA,NA,NA,NA,NA
Chr05N,2477,24767382,24768127,6.171387090618925,2,292,G:0.69863,A,0.30137,2,192,G:0.96875,A,0.03125,2,224,G:0.995536,A,0.00446429,2,200,G:1,A,0,2,112,G:1,A,0,NA,NA,NA,NA,NA,NA,NA,NA,NA,NA,NA,NA,NA,NA,NA,NA,NA,NA,NA,NA,NA,NA,NA,NA,NA,NA,NA,NA,NA,NA,NA,NA,NA,NA,NA,NA,NA
Chr01K,3862,38613876,38614165,6.150571702942701,2,292,C:0.972603,A,0.0273973,2,192,C:0.411458,A,0.588542,2,224,C:0.517857,A,0.482143,2,200,C:0.975,A,0.025,2,112,C:0.919643,A,0.0803571,NA,NA,NA,NA,NA,NA,NA,NA,NA,NA,NA,NA,NA,NA,NA,NA,NA,NA,NA,NA,NA,NA,NA,NA,NA,NA,NA,NA,NA,NA,NA,NA,NA,NA,NA,NA,NA
Chr05N,4679,46786130,46786365,6.106239591059476,2,292,G:0.660959,A,0.339041,2,192,G:0.90625,A,0.09375,2,224,G:0.825893,A,0.174107,2,200,G:0.99,A,0.01,2,112,G:0.598214,A,0.401786,NA,NA,NA,NA,NA,NA,NA,NA,NA,NA,NA,NA,NA,NA,NA,NA,NA,NA,NA,NA,NA,NA,NA,NA,NA,NA,NA,NA,NA,NA,NA,NA,NA,NA,NA,NA,NA
Chr08N,703,7026553,7026573,6.069868489416687,2,292,T:0.568493,C,0.431507,2,192,T:0.432292,C,0.567708,2,224,T:0.504464,C,0.495536,2,200,T:0.865,C,0.135,2,112,T:0.678571,C,0.321429,NA,NA,NA,NA,NA,NA,NA,NA,NA,NA,NA,NA,NA,NA,NA,NA,NA,NA,NA,NA,NA,NA,NA,NA,NA,NA,NA,NA,NA,NA,NA,NA,NA,NA,NA,NA,NA
Chr03N,1958,19571270,19571479,6.011855747945651,2,292,T:0.993151,A,0.00684932,2,192,T:0.895833,A,0.104167,2,224,T:0.8125,A,0.1875,2,200,T:1,A,0,2,112,T:1,A,0,NA,NA,NA,NA,NA,NA,NA,NA,NA,NA,NA,NA,NA,NA,NA,NA,NA,NA,NA,NA,NA,NA,NA,NA,NA,NA,NA,NA,NA,NA,NA,NA,NA,NA,NA,NA,NA
Chr02K,6667,66665090,66665245,5.955611229595654,2,292,G:0.993151,A,0.00684932,2,192,G:1,A,0,2,224,G:0.995536,A,0.00446429,2,200,G:0.505,A,0.495,2,112,G:0.982143,A,0.0178571,NA,NA,NA,NA,NA,NA,NA,NA,NA,NA,NA,NA,NA,NA,NA,NA,NA,NA,NA,NA,NA,NA,NA,NA,NA,NA,NA,NA,NA,NA,NA,NA,NA,NA,NA,NA,NA
Chr02K,3217,32165766,32165897,5.832771357658465,2,292,G:0.934932,A,0.0650685,2,192,G:0.744792,A,0.255208,2,224,G:0.549107,A,0.450893,2,200,G:0.095,A,0.905,2,112,G:0.982143,A,0.0178571,NA,NA,NA,NA,NA,NA,NA,NA,NA,NA,NA,NA,NA,NA,NA,NA,NA,NA,NA,NA,NA,NA,NA,NA,NA,NA,NA,NA,NA,NA,NA,NA,NA,NA,NA,NA,NA
Chr04N,4461,44603728,44603838,5.831623907403542,2,292,G:0.578767,A,0.421233,2,192,G:0.71875,A,0.28125,2,224,G:0.803571,A,0.196429,2,200,G:0.985,A,0.015,2,112,G:0.580357,A,0.419643,44503086,44603086,100001,+,spliceSite,568,56072,Pavir.4NG267000,44553086,0.26025279546994234,0.05685192570444012,4.577730520913853,5.949386414599344e-6,5.949386414599344e-6,0.5992264167271378,44552626,44555891,3266,+,41638952,Pavir.4NG267000.2,Pavir.4NG267000.2.p,PF03110,"PTHR31251,PTHR31251:SF26",NA,NA,NA,"GO:0005634,GO:0003677",AT1G02065.1,SPL8,squamosa promoter binding protein-like 8,LOC_Os06g44860.1,NA,"OsSPL10 - SBP-box gene family member, expressed",460,-2805,460
Chr04N,4461,44603728,44603838,5.831623907403542,2,292,G:0.578767,A,0.421233,2,192,G:0.71875,A,0.28125,2,224,G:0.803571,A,0.196429,2,200,G:0.985,A,0.015,2,112,G:0.580357,A,0.419643,44503086,44603086,100001,+,spliceSite,568,56073,Pavir.4NG267700,44553086,0.26025279546994234,0.05685192570444012,4.577730520913853,5.949386414599344e-6,5.949386414599344e-6,0.5992264167271378,44600171,44602163,1993,+,41638314,Pavir.4NG267700.1,Pavir.4NG267700.1.p,"PF14416,PF13839","PTHR32285,PTHR32285:SF8",NA,NA,NA,NA,AT5G20590.1,TBL5,TRICHOME BIREFRINGENCE-LIKE 5,LOC_Os06g44900.1,NA,"leaf senescence related protein, putative, expressed",-47085,-49077,47085
Chr04N,4461,44603728,44603838,5.831623907403542,2,292,G:0.578767,A,0.421233,2,192,G:0.71875,A,0.28125,2,224,G:0.803571,A,0.196429,2,200,G:0.985,A,0.015,2,112,G:0.580357,A,0.419643,44503086,44603086,100001,+,spliceSite,568,56074,Pavir.4NG267800,44553086,0.26025279546994234,0.05685192570444012,4.577730520913853,5.949386414599344e-6,5.949386414599344e-6,0.5992264167271378,44602259,44607614,5356,+,41638855,Pavir.4NG267800.1,Pavir.4NG267800.1.p,PF00462,"PTHR10168,PTHR10168:SF112",KOG1752,1.8.1.9,K03676,"GO:0045454,GO:0015035,GO:0009055",AT5G20500.1,NA,Glutaredoxin family protein,LOC_Os06g44910.1,NA,"OsGrx_C4 - glutaredoxin subgroup I, expressed",-49173,-54528,49173
Chr04N,4461,44603728,44603838,5.831623907403542,2,292,G:0.578767,A,0.421233,2,192,G:0.71875,A,0.28125,2,224,G:0.803571,A,0.196429,2,200,G:0.985,A,0.015,2,112,G:0.580357,A,0.419643,44503086,44603086,100001,+,spliceSite,568,58645,Pavir.4NG298300,44553086,0.26025279546994234,0.05685192570444012,4.577730520913853,5.949386414599344e-6,5.949386414599344e-6,0.5992264167271378,44514853,44515717,865,-,41637190,Pavir.4NG298300.2,Pavir.4NG298300.2.p,NA,NA,NA,NA,NA,NA,NA,NA,NA,NA,NA,NA,38233,37369,37369
Chr04N,4461,44603728,44603838,5.831623907403542,2,292,G:0.578767,A,0.421233,2,192,G:0.71875,A,0.28125,2,224,G:0.803571,A,0.196429,2,200,G:0.985,A,0.015,2,112,G:0.580357,A,0.419643,44503086,44603086,100001,+,spliceSite,568,58646,Pavir.4NG267100,44553086,0.26025279546994234,0.05685192570444012,4.577730520913853,5.949386414599344e-6,5.949386414599344e-6,0.5992264167271378,44566288,44566793,506,-,41637655,Pavir.4NG267100.1,Pavir.4NG267100.1.p,NA,NA,NA,NA,NA,NA,NA,NA,NA,NA,NA,NA,-13202,-13707,13202
Chr04N,4461,44603728,44603838,5.831623907403542,2,292,G:0.578767,A,0.421233,2,192,G:0.71875,A,0.28125,2,224,G:0.803571,A,0.196429,2,200,G:0.985,A,0.015,2,112,G:0.580357,A,0.419643,44503086,44603086,100001,+,spliceSite,568,58647,Pavir.4NG267200,44553086,0.26025279546994234,0.05685192570444012,4.577730520913853,5.949386414599344e-6,5.949386414599344e-6,0.5992264167271378,44568741,44570677,1937,-,41638311,Pavir.4NG267200.2,Pavir.4NG267200.2.p,NA,"PTHR33181,PTHR33181:SF9",NA,NA,NA,NA,AT5G43150.1,NA,NA,LOC_Os06g44870.1,NA,expressed protein,-15655,-17591,15655
Chr04N,4461,44603728,44603838,5.831623907403542,2,292,G:0.578767,A,0.421233,2,192,G:0.71875,A,0.28125,2,224,G:0.803571,A,0.196429,2,200,G:0.985,A,0.015,2,112,G:0.580357,A,0.419643,44503086,44603086,100001,+,spliceSite,568,58648,Pavir.4NG267300,44553086,0.26025279546994234,0.05685192570444012,4.577730520913853,5.949386414599344e-6,5.949386414599344e-6,0.5992264167271378,44571083,44577223,6141,-,41637227,Pavir.4NG267300.2,Pavir.4NG267300.2.p,PF01348,"PTHR33642,PTHR33642:SF1",NA,NA,NA,GO:0006397,AT5G04050.1,NA,RNA-directed DNA polymerase (reverse transcriptase),LOC_Os06g44880.1,NA,"type II intron maturase protein, putative, expressed",-17997,-24137,17997
Chr04N,4461,44603728,44603838,5.831623907403542,2,292,G:0.578767,A,0.421233,2,192,G:0.71875,A,0.28125,2,224,G:0.803571,A,0.196429,2,200,G:0.985,A,0.015,2,112,G:0.580357,A,0.419643,44503086,44603086,100001,+,spliceSite,568,58649,Pavir.4NG267500,44553086,0.26025279546994234,0.05685192570444012,4.577730520913853,5.949386414599344e-6,5.949386414599344e-6,0.5992264167271378,44578054,44593989,15936,-,41638701,Pavir.4NG267500.1,Pavir.4NG267500.1.p,PF00626,"PTHR11977,PTHR11977:SF47",NA,NA,K05768,GO:0003779,AT4G30160.1,"ATVLN4,VLN4",villin 4,LOC_Os06g44890.1,NA,"villin protein, putative, expressed",-24968,-40903,24968
Chr04N,4461,44603728,44603838,5.831623907403542,2,292,G:0.578767,A,0.421233,2,192,G:0.71875,A,0.28125,2,224,G:0.803571,A,0.196429,2,200,G:0.985,A,0.015,2,112,G:0.580357,A,0.419643,44503086,44603086,100001,+,spliceSite,568,58650,Pavir.4NG267500,44553086,0.26025279546994234,0.05685192570444012,4.577730520913853,5.949386414599344e-6,5.949386414599344e-6,0.5992264167271378,44578054,44593989,15936,-,41638701,Pavir.4NG267500.1,Pavir.4NG267500.1.p,PF00626,"PTHR11977,PTHR11977:SF47",NA,NA,K05768,GO:0003779,AT4G30160.1,"ATVLN4,VLN4",villin 4,LOC_Os06g44890.1,NA,"villin protein, putative, expressed",-24968,-40903,24968
Chr04N,4461,44603728,44603838,5.831623907403542,2,292,G:0.578767,A,0.421233,2,192,G:0.71875,A,0.28125,2,224,G:0.803571,A,0.196429,2,200,G:0.985,A,0.015,2,112,G:0.580357,A,0.419643,44503086,44603086,100001,+,spliceSite,568,58651,Pavir.4NG267500,44553086,0.26025279546994234,0.05685192570444012,4.577730520913853,5.949386414599344e-6,5.949386414599344e-6,0.5992264167271378,44578054,44593989,15936,-,41638701,Pavir.4NG267500.1,Pavir.4NG267500.1.p,PF00626,"PTHR11977,PTHR11977:SF47",NA,NA,K05768,GO:0003779,AT4G30160.1,"ATVLN4,VLN4",villin 4,LOC_Os06g44890.1,NA,"villin protein, putative, expressed",-24968,-40903,24968
Chr04N,4461,44603728,44603838,5.831623907403542,2,292,G:0.578767,A,0.421233,2,192,G:0.71875,A,0.28125,2,224,G:0.803571,A,0.196429,2,200,G:0.985,A,0.015,2,112,G:0.580357,A,0.419643,44503086,44603086,100001,+,spliceSite,568,58652,Pavir.4NG267500,44553086,0.26025279546994234,0.05685192570444012,4.577730520913853,5.949386414599344e-6,5.949386414599344e-6,0.5992264167271378,44578054,44593989,15936,-,41638701,Pavir.4NG267500.1,Pavir.4NG267500.1.p,PF00626,"PTHR11977,PTHR11977:SF47",NA,NA,K05768,GO:0003779,AT4G30160.1,"ATVLN4,VLN4",villin 4,LOC_Os06g44890.1,NA,"villin protein, putative, expressed",-24968,-40903,24968
Chr04N,4461,44603728,44603838,5.831623907403542,2,292,G:0.578767,A,0.421233,2,192,G:0.71875,A,0.28125,2,224,G:0.803571,A,0.196429,2,200,G:0.985,A,0.015,2,112,G:0.580357,A,0.419643,44503086,44603086,100001,+,spliceSite,568,58653,Pavir.4NG267500,44553086,0.26025279546994234,0.05685192570444012,4.577730520913853,5.949386414599344e-6,5.949386414599344e-6,0.5992264167271378,44578054,44593989,15936,-,41638701,Pavir.4NG267500.1,Pavir.4NG267500.1.p,PF00626,"PTHR11977,PTHR11977:SF47",NA,NA,K05768,GO:0003779,AT4G30160.1,"ATVLN4,VLN4",villin 4,LOC_Os06g44890.1,NA,"villin protein, putative, expressed",-24968,-40903,24968
Chr04N,4461,44603728,44603838,5.831623907403542,2,292,G:0.578767,A,0.421233,2,192,G:0.71875,A,0.28125,2,224,G:0.803571,A,0.196429,2,200,G:0.985,A,0.015,2,112,G:0.580357,A,0.419643,44503086,44603086,100001,+,spliceSite,568,58654,Pavir.4NG267500,44553086,0.26025279546994234,0.05685192570444012,4.577730520913853,5.949386414599344e-6,5.949386414599344e-6,0.5992264167271378,44578054,44593989,15936,-,41638701,Pavir.4NG267500.1,Pavir.4NG267500.1.p,PF00626,"PTHR11977,PTHR11977:SF47",NA,NA,K05768,GO:0003779,AT4G30160.1,"ATVLN4,VLN4",villin 4,LOC_Os06g44890.1,NA,"villin protein, putative, expressed",-24968,-40903,24968
Chr04N,4461,44603728,44603838,5.831623907403542,2,292,G:0.578767,A,0.421233,2,192,G:0.71875,A,0.28125,2,224,G:0.803571,A,0.196429,2,200,G:0.985,A,0.015,2,112,G:0.580357,A,0.419643,44503086,44603086,100001,+,spliceSite,568,58655,Pavir.4NG267500,44553086,0.26025279546994234,0.05685192570444012,4.577730520913853,5.949386414599344e-6,5.949386414599344e-6,0.5992264167271378,44578054,44593989,15936,-,41638701,Pavir.4NG267500.1,Pavir.4NG267500.1.p,PF00626,"PTHR11977,PTHR11977:SF47",NA,NA,K05768,GO:0003779,AT4G30160.1,"ATVLN4,VLN4",villin 4,LOC_Os06g44890.1,NA,"villin protein, putative, expressed",-24968,-40903,24968
Chr04N,4461,44603728,44603838,5.831623907403542,2,292,G:0.578767,A,0.421233,2,192,G:0.71875,A,0.28125,2,224,G:0.803571,A,0.196429,2,200,G:0.985,A,0.015,2,112,G:0.580357,A,0.419643,44503086,44603086,100001,+,spliceSite,568,58656,Pavir.4NG267500,44553086,0.26025279546994234,0.05685192570444012,4.577730520913853,5.949386414599344e-6,5.949386414599344e-6,0.5992264167271378,44578054,44593989,15936,-,41638701,Pavir.4NG267500.1,Pavir.4NG267500.1.p,PF00626,"PTHR11977,PTHR11977:SF47",NA,NA,K05768,GO:0003779,AT4G30160.1,"ATVLN4,VLN4",villin 4,LOC_Os06g44890.1,NA,"villin protein, putative, expressed",-24968,-40903,24968
Chr04N,4461,44603728,44603838,5.831623907403542,2,292,G:0.578767,A,0.421233,2,192,G:0.71875,A,0.28125,2,224,G:0.803571,A,0.196429,2,200,G:0.985,A,0.015,2,112,G:0.580357,A,0.419643,44503086,44603086,100001,+,spliceSite,568,58657,Pavir.4NG267500,44553086,0.26025279546994234,0.05685192570444012,4.577730520913853,5.949386414599344e-6,5.949386414599344e-6,0.5992264167271378,44578054,44593989,15936,-,41638701,Pavir.4NG267500.1,Pavir.4NG267500.1.p,PF00626,"PTHR11977,PTHR11977:SF47",NA,NA,K05768,GO:0003779,AT4G30160.1,"ATVLN4,VLN4",villin 4,LOC_Os06g44890.1,NA,"villin protein, putative, expressed",-24968,-40903,24968
Chr04N,4461,44603728,44603838,5.831623907403542,2,292,G:0.578767,A,0.421233,2,192,G:0.71875,A,0.28125,2,224,G:0.803571,A,0.196429,2,200,G:0.985,A,0.015,2,112,G:0.580357,A,0.419643,44503086,44603086,100001,+,spliceSite,568,58658,Pavir.4NG267500,44553086,0.26025279546994234,0.05685192570444012,4.577730520913853,5.949386414599344e-6,5.949386414599344e-6,0.5992264167271378,44578054,44593989,15936,-,41638701,Pavir.4NG267500.1,Pavir.4NG267500.1.p,PF00626,"PTHR11977,PTHR11977:SF47",NA,NA,K05768,GO:0003779,AT4G30160.1,"ATVLN4,VLN4",villin 4,LOC_Os06g44890.1,NA,"villin protein, putative, expressed",-24968,-40903,24968
Chr04N,4461,44603728,44603838,5.831623907403542,2,292,G:0.578767,A,0.421233,2,192,G:0.71875,A,0.28125,2,224,G:0.803571,A,0.196429,2,200,G:0.985,A,0.015,2,112,G:0.580357,A,0.419643,44503086,44603086,100001,+,spliceSite,568,58659,Pavir.4NG267500,44553086,0.26025279546994234,0.05685192570444012,4.577730520913853,5.949386414599344e-6,5.949386414599344e-6,0.5992264167271378,44578054,44593989,15936,-,41638701,Pavir.4NG267500.1,Pavir.4NG267500.1.p,PF00626,"PTHR11977,PTHR11977:SF47",NA,NA,K05768,GO:0003779,AT4G30160.1,"ATVLN4,VLN4",villin 4,LOC_Os06g44890.1,NA,"villin protein, putative, expressed",-24968,-40903,24968
Chr04N,4461,44603728,44603838,5.831623907403542,2,292,G:0.578767,A,0.421233,2,192,G:0.71875,A,0.28125,2,224,G:0.803571,A,0.196429,2,200,G:0.985,A,0.015,2,112,G:0.580357,A,0.419643,44503086,44603086,100001,+,spliceSite,568,58660,Pavir.4NG267500,44553086,0.26025279546994234,0.05685192570444012,4.577730520913853,5.949386414599344e-6,5.949386414599344e-6,0.5992264167271378,44578054,44593989,15936,-,41638701,Pavir.4NG267500.1,Pavir.4NG267500.1.p,PF00626,"PTHR11977,PTHR11977:SF47",NA,NA,K05768,GO:0003779,AT4G30160.1,"ATVLN4,VLN4",villin 4,LOC_Os06g44890.1,NA,"villin protein, putative, expressed",-24968,-40903,24968
Chr04N,4461,44603728,44603838,5.831623907403542,2,292,G:0.578767,A,0.421233,2,192,G:0.71875,A,0.28125,2,224,G:0.803571,A,0.196429,2,200,G:0.985,A,0.015,2,112,G:0.580357,A,0.419643,44503086,44603086,100001,+,spliceSite,568,58661,Pavir.4NG267500,44553086,0.26025279546994234,0.05685192570444012,4.577730520913853,5.949386414599344e-6,5.949386414599344e-6,0.5992264167271378,44578054,44593989,15936,-,41638701,Pavir.4NG267500.1,Pavir.4NG267500.1.p,PF00626,"PTHR11977,PTHR11977:SF47",NA,NA,K05768,GO:0003779,AT4G30160.1,"ATVLN4,VLN4",villin 4,LOC_Os06g44890.1,NA,"villin protein, putative, expressed",-24968,-40903,24968
Chr04N,4461,44603728,44603838,5.831623907403542,2,292,G:0.578767,A,0.421233,2,192,G:0.71875,A,0.28125,2,224,G:0.803571,A,0.196429,2,200,G:0.985,A,0.015,2,112,G:0.580357,A,0.419643,44503086,44603086,100001,+,spliceSite,568,58662,Pavir.4NG267500,44553086,0.26025279546994234,0.05685192570444012,4.577730520913853,5.949386414599344e-6,5.949386414599344e-6,0.5992264167271378,44578054,44593989,15936,-,41638701,Pavir.4NG267500.1,Pavir.4NG267500.1.p,PF00626,"PTHR11977,PTHR11977:SF47",NA,NA,K05768,GO:0003779,AT4G30160.1,"ATVLN4,VLN4",villin 4,LOC_Os06g44890.1,NA,"villin protein, putative, expressed",-24968,-40903,24968
Chr04N,4461,44603728,44603838,5.831623907403542,2,292,G:0.578767,A,0.421233,2,192,G:0.71875,A,0.28125,2,224,G:0.803571,A,0.196429,2,200,G:0.985,A,0.015,2,112,G:0.580357,A,0.419643,44503086,44603086,100001,+,spliceSite,568,58663,Pavir.4NG267500,44553086,0.26025279546994234,0.05685192570444012,4.577730520913853,5.949386414599344e-6,5.949386414599344e-6,0.5992264167271378,44578054,44593989,15936,-,41638701,Pavir.4NG267500.1,Pavir.4NG267500.1.p,PF00626,"PTHR11977,PTHR11977:SF47",NA,NA,K05768,GO:0003779,AT4G30160.1,"ATVLN4,VLN4",villin 4,LOC_Os06g44890.1,NA,"villin protein, putative, expressed",-24968,-40903,24968
Chr04N,4461,44603728,44603838,5.831623907403542,2,292,G:0.578767,A,0.421233,2,192,G:0.71875,A,0.28125,2,224,G:0.803571,A,0.196429,2,200,G:0.985,A,0.015,2,112,G:0.580357,A,0.419643,44503086,44603086,100001,+,spliceSite,568,58664,Pavir.4NG267500,44553086,0.26025279546994234,0.05685192570444012,4.577730520913853,5.949386414599344e-6,5.949386414599344e-6,0.5992264167271378,44578054,44593989,15936,-,41638701,Pavir.4NG267500.1,Pavir.4NG267500.1.p,PF00626,"PTHR11977,PTHR11977:SF47",NA,NA,K05768,GO:0003779,AT4G30160.1,"ATVLN4,VLN4",villin 4,LOC_Os06g44890.1,NA,"villin protein, putative, expressed",-24968,-40903,24968
Chr04N,4461,44603728,44603838,5.831623907403542,2,292,G:0.578767,A,0.421233,2,192,G:0.71875,A,0.28125,2,224,G:0.803571,A,0.196429,2,200,G:0.985,A,0.015,2,112,G:0.580357,A,0.419643,44503086,44603086,100001,+,spliceSite,568,58665,Pavir.4NG267500,44553086,0.26025279546994234,0.05685192570444012,4.577730520913853,5.949386414599344e-6,5.949386414599344e-6,0.5992264167271378,44578054,44593989,15936,-,41638701,Pavir.4NG267500.1,Pavir.4NG267500.1.p,PF00626,"PTHR11977,PTHR11977:SF47",NA,NA,K05768,GO:0003779,AT4G30160.1,"ATVLN4,VLN4",villin 4,LOC_Os06g44890.1,NA,"villin protein, putative, expressed",-24968,-40903,24968
Chr04N,4461,44603728,44603838,5.831623907403542,2,292,G:0.578767,A,0.421233,2,192,G:0.71875,A,0.28125,2,224,G:0.803571,A,0.196429,2,200,G:0.985,A,0.015,2,112,G:0.580357,A,0.419643,44503086,44603086,100001,+,spliceSite,568,58666,Pavir.4NG267500,44553086,0.26025279546994234,0.05685192570444012,4.577730520913853,5.949386414599344e-6,5.949386414599344e-6,0.5992264167271378,44578054,44593989,15936,-,41638701,Pavir.4NG267500.1,Pavir.4NG267500.1.p,PF00626,"PTHR11977,PTHR11977:SF47",NA,NA,K05768,GO:0003779,AT4G30160.1,"ATVLN4,VLN4",villin 4,LOC_Os06g44890.1,NA,"villin protein, putative, expressed",-24968,-40903,24968
Chr04N,4461,44603728,44603838,5.831623907403542,2,292,G:0.578767,A,0.421233,2,192,G:0.71875,A,0.28125,2,224,G:0.803571,A,0.196429,2,200,G:0.985,A,0.015,2,112,G:0.580357,A,0.419643,44503086,44603086,100001,+,spliceSite,568,58667,Pavir.4NG267500,44553086,0.26025279546994234,0.05685192570444012,4.577730520913853,5.949386414599344e-6,5.949386414599344e-6,0.5992264167271378,44578054,44593989,15936,-,41638701,Pavir.4NG267500.1,Pavir.4NG267500.1.p,PF00626,"PTHR11977,PTHR11977:SF47",NA,NA,K05768,GO:0003779,AT4G30160.1,"ATVLN4,VLN4",villin 4,LOC_Os06g44890.1,NA,"villin protein, putative, expressed",-24968,-40903,24968
Chr02K,6756,67550311,67550342,5.816182911339589,2,292,T:0.993151,C,0.00684932,2,192,T:0.984375,C,0.015625,2,224,T:0.928571,C,0.0714286,2,200,T:0.735,C,0.265,2,112,T:0.991071,C,0.00892857,NA,NA,NA,NA,NA,NA,NA,NA,NA,NA,NA,NA,NA,NA,NA,NA,NA,NA,NA,NA,NA,NA,NA,NA,NA,NA,NA,NA,NA,NA,NA,NA,NA,NA,NA,NA,NA
Chr02K,2587,25867936,25868015,5.8159037637363795,2,292,G:0.993151,A,0.00684932,2,192,G:0.916667,A,0.0833333,2,224,G:0.825893,A,0.174107,2,200,G:0.99,A,0.01,2,112,G:1,A,0,NA,NA,NA,NA,NA,NA,NA,NA,NA,NA,NA,NA,NA,NA,NA,NA,NA,NA,NA,NA,NA,NA,NA,NA,NA,NA,NA,NA,NA,NA,NA,NA,NA,NA,NA,NA,NA
Chr04K,2867,28664901,28664915,5.812323237557331,2,292,C:1,T,0,2,192,C:0.994792,T,0.00520833,2,224,C:0.982143,T,0.0178571,2,200,C:0.74,T,0.26,2,112,C:1,T,0,NA,NA,NA,NA,NA,NA,NA,NA,NA,NA,NA,NA,NA,NA,NA,NA,NA,NA,NA,NA,NA,NA,NA,NA,NA,NA,NA,NA,NA,NA,NA,NA,NA,NA,NA,NA,NA
Chr08K,4238,42370847,42371044,5.76661905922046,2,292,T:0.554795,C,0.445205,2,192,T:0.880208,C,0.119792,2,224,T:0.84375,C,0.15625,2,200,T:0.81,C,0.19,2,112,T:0.741071,C,0.258929,NA,NA,NA,NA,NA,NA,NA,NA,NA,NA,NA,NA,NA,NA,NA,NA,NA,NA,NA,NA,NA,NA,NA,NA,NA,NA,NA,NA,NA,NA,NA,NA,NA,NA,NA,NA,NA
Chr08K,1021,10203588,10203604,5.759912132397859,2,292,G:0.821918,A,0.178082,2,192,G:0.921875,A,0.078125,2,224,G:0.950893,A,0.0491071,2,200,G:0.935,A,0.065,2,112,G:0.928571,A,0.0714286,NA,NA,NA,NA,NA,NA,NA,NA,NA,NA,NA,NA,NA,NA,NA,NA,NA,NA,NA,NA,NA,NA,NA,NA,NA,NA,NA,NA,NA,NA,NA,NA,NA,NA,NA,NA,NA
Chr06K,3752,37512518,37512535,5.756741876453015,2,292,C:0.989726,T,0.010274,2,192,C:0.59375,T,0.40625,2,224,C:0.75,T,0.25,2,200,C:0.995,T,0.005,2,112,C:0.991071,T,0.00892857,NA,NA,NA,NA,NA,NA,NA,NA,NA,NA,NA,NA,NA,NA,NA,NA,NA,NA,NA,NA,NA,NA,NA,NA,NA,NA,NA,NA,NA,NA,NA,NA,NA,NA,NA,NA,NA
Chr02K,6754,67532321,67532451,5.746671446014183,2,292,T:0.640411,G,0.359589,2,192,T:0.770833,G,0.229167,2,224,T:0.5625,G,0.4375,2,200,T:0.695,G,0.305,2,112,T:0.303571,G,0.696429,NA,NA,NA,NA,NA,NA,NA,NA,NA,NA,NA,NA,NA,NA,NA,NA,NA,NA,NA,NA,NA,NA,NA,NA,NA,NA,NA,NA,NA,NA,NA,NA,NA,NA,NA,NA,NA
Chr06K,2011,20105633,20105674,5.746008759043715,2,292,C:1,A,0,2,192,C:0.96875,A,0.03125,2,224,C:0.651786,A,0.348214,2,200,C:0.995,A,0.005,2,112,C:1,A,0,20005813,20105813,100001,-,spliceSite,683,78053,Pavir.6KG151400,20055813,-0.25960058819048226,0.0622027062547572,-4.1734613141631325,3.542999236464177e-5,3.542999236464177e-5,0.6054012234190872,20016987,20025027,8041,+,41667213,Pavir.6KG151400.1,Pavir.6KG151400.1.p,PF02453,"PTHR10994,PTHR10994:SF84",NA,NA,NA,NA,AT5G58000.1,NA,Reticulon family protein,LOC_Os08g17870.1,NA,"reticulon domain containing protein, putative, expressed",38826,30786,30786
Chr06K,2011,20105633,20105674,5.746008759043715,2,292,C:1,A,0,2,192,C:0.96875,A,0.03125,2,224,C:0.651786,A,0.348214,2,200,C:0.995,A,0.005,2,112,C:1,A,0,20005813,20105813,100001,-,spliceSite,683,78054,Pavir.6KG151400,20055813,-0.25960058819048226,0.0622027062547572,-4.1734613141631325,3.542999236464177e-5,3.542999236464177e-5,0.6054012234190872,20016987,20025027,8041,+,41667213,Pavir.6KG151400.1,Pavir.6KG151400.1.p,PF02453,"PTHR10994,PTHR10994:SF84",NA,NA,NA,NA,AT5G58000.1,NA,Reticulon family protein,LOC_Os08g17870.1,NA,"reticulon domain containing protein, putative, expressed",38826,30786,30786
Chr06K,2011,20105633,20105674,5.746008759043715,2,292,C:1,A,0,2,192,C:0.96875,A,0.03125,2,224,C:0.651786,A,0.348214,2,200,C:0.995,A,0.005,2,112,C:1,A,0,20005813,20105813,100001,-,spliceSite,683,78055,Pavir.6KG151400,20055813,-0.25960058819048226,0.0622027062547572,-4.1734613141631325,3.542999236464177e-5,3.542999236464177e-5,0.6054012234190872,20016987,20025027,8041,+,41667213,Pavir.6KG151400.1,Pavir.6KG151400.1.p,PF02453,"PTHR10994,PTHR10994:SF84",NA,NA,NA,NA,AT5G58000.1,NA,Reticulon family protein,LOC_Os08g17870.1,NA,"reticulon domain containing protein, putative, expressed",38826,30786,30786
Chr06K,2011,20105633,20105674,5.746008759043715,2,292,C:1,A,0,2,192,C:0.96875,A,0.03125,2,224,C:0.651786,A,0.348214,2,200,C:0.995,A,0.005,2,112,C:1,A,0,20005813,20105813,100001,-,spliceSite,683,78056,Pavir.6KG151400,20055813,-0.25960058819048226,0.0622027062547572,-4.1734613141631325,3.542999236464177e-5,3.542999236464177e-5,0.6054012234190872,20016987,20025027,8041,+,41667213,Pavir.6KG151400.1,Pavir.6KG151400.1.p,PF02453,"PTHR10994,PTHR10994:SF84",NA,NA,NA,NA,AT5G58000.1,NA,Reticulon family protein,LOC_Os08g17870.1,NA,"reticulon domain containing protein, putative, expressed",38826,30786,30786
Chr06K,2011,20105633,20105674,5.746008759043715,2,292,C:1,A,0,2,192,C:0.96875,A,0.03125,2,224,C:0.651786,A,0.348214,2,200,C:0.995,A,0.005,2,112,C:1,A,0,20005813,20105813,100001,-,spliceSite,683,78057,Pavir.6KG151400,20055813,-0.25960058819048226,0.0622027062547572,-4.1734613141631325,3.542999236464177e-5,3.542999236464177e-5,0.6054012234190872,20016987,20025027,8041,+,41667213,Pavir.6KG151400.1,Pavir.6KG151400.1.p,PF02453,"PTHR10994,PTHR10994:SF84",NA,NA,NA,NA,AT5G58000.1,NA,Reticulon family protein,LOC_Os08g17870.1,NA,"reticulon domain containing protein, putative, expressed",38826,30786,30786
Chr06K,2011,20105633,20105674,5.746008759043715,2,292,C:1,A,0,2,192,C:0.96875,A,0.03125,2,224,C:0.651786,A,0.348214,2,200,C:0.995,A,0.005,2,112,C:1,A,0,20005813,20105813,100001,-,spliceSite,683,78058,Pavir.6KG151400,20055813,-0.25960058819048226,0.0622027062547572,-4.1734613141631325,3.542999236464177e-5,3.542999236464177e-5,0.6054012234190872,20016987,20025027,8041,+,41667213,Pavir.6KG151400.1,Pavir.6KG151400.1.p,PF02453,"PTHR10994,PTHR10994:SF84",NA,NA,NA,NA,AT5G58000.1,NA,Reticulon family protein,LOC_Os08g17870.1,NA,"reticulon domain containing protein, putative, expressed",38826,30786,30786
Chr06K,2011,20105633,20105674,5.746008759043715,2,292,C:1,A,0,2,192,C:0.96875,A,0.03125,2,224,C:0.651786,A,0.348214,2,200,C:0.995,A,0.005,2,112,C:1,A,0,20005813,20105813,100001,-,spliceSite,683,80606,Pavir.6KG151600,20055813,-0.25960058819048226,0.0622027062547572,-4.1734613141631325,3.542999236464177e-5,3.542999236464177e-5,0.6054012234190872,20025909,20031448,5540,-,41671692,Pavir.6KG151600.1,Pavir.6KG151600.1.p,PF00400,PTHR18763,KOG0646,NA,K14829,GO:0005515,AT3G49180.1,RID3,Transducin/WD40 repeat-like superfamily protein,LOC_Os07g22534.1,NA,"WD domain, G-beta repeat domain containing protein, expressed",29904,24365,24365
Chr06K,2011,20105633,20105674,5.746008759043715,2,292,C:1,A,0,2,192,C:0.96875,A,0.03125,2,224,C:0.651786,A,0.348214,2,200,C:0.995,A,0.005,2,112,C:1,A,0,20005813,20105813,100001,-,spliceSite,683,80607,Pavir.6KG151600,20055813,-0.25960058819048226,0.0622027062547572,-4.1734613141631325,3.542999236464177e-5,3.542999236464177e-5,0.6054012234190872,20025909,20031448,5540,-,41671692,Pavir.6KG151600.1,Pavir.6KG151600.1.p,PF00400,PTHR18763,KOG0646,NA,K14829,GO:0005515,AT3G49180.1,RID3,Transducin/WD40 repeat-like superfamily protein,LOC_Os07g22534.1,NA,"WD domain, G-beta repeat domain containing protein, expressed",29904,24365,24365
Chr06K,2011,20105633,20105674,5.746008759043715,2,292,C:1,A,0,2,192,C:0.96875,A,0.03125,2,224,C:0.651786,A,0.348214,2,200,C:0.995,A,0.005,2,112,C:1,A,0,20005813,20105813,100001,-,spliceSite,683,80608,Pavir.6KG151600,20055813,-0.25960058819048226,0.0622027062547572,-4.1734613141631325,3.542999236464177e-5,3.542999236464177e-5,0.6054012234190872,20025909,20031448,5540,-,41671692,Pavir.6KG151600.1,Pavir.6KG151600.1.p,PF00400,PTHR18763,KOG0646,NA,K14829,GO:0005515,AT3G49180.1,RID3,Transducin/WD40 repeat-like superfamily protein,LOC_Os07g22534.1,NA,"WD domain, G-beta repeat domain containing protein, expressed",29904,24365,24365
Chr03K,5029,50284793,50284803,5.729936139860756,2,292,C:0.890411,T,0.109589,2,192,C:0.963542,T,0.0364583,2,224,C:0.964286,T,0.0357143,2,200,C:0.935,T,0.065,2,112,C:0.910714,T,0.0892857,NA,NA,NA,NA,NA,NA,NA,NA,NA,NA,NA,NA,NA,NA,NA,NA,NA,NA,NA,NA,NA,NA,NA,NA,NA,NA,NA,NA,NA,NA,NA,NA,NA,NA,NA,NA,NA
Chr06K,2495,24946568,24946636,5.716191537990785,2,292,A:0.856164,G,0.143836,2,192,A:0.838542,G,0.161458,2,224,A:0.915179,G,0.0848214,2,200,A:0.875,G,0.125,2,112,A:0.821429,G,0.178571,NA,NA,NA,NA,NA,NA,NA,NA,NA,NA,NA,NA,NA,NA,NA,NA,NA,NA,NA,NA,NA,NA,NA,NA,NA,NA,NA,NA,NA,NA,NA,NA,NA,NA,NA,NA,NA
Chr03K,2780,27797759,27797840,5.70272478885499,2,292,T:0.609589,A,0.390411,2,192,T:0.786458,A,0.213542,2,224,T:0.633929,A,0.366071,2,200,T:0.615,A,0.385,2,112,T:0.517857,A,0.482143,NA,NA,NA,NA,NA,NA,NA,NA,NA,NA,NA,NA,NA,NA,NA,NA,NA,NA,NA,NA,NA,NA,NA,NA,NA,NA,NA,NA,NA,NA,NA,NA,NA,NA,NA,NA,NA
Chr06K,2841,28408042,28408106,5.701036000489255,2,292,C:0.688356,T,0.311644,2,192,C:0.953125,T,0.046875,2,224,C:1,T,0,2,200,C:0.995,T,0.005,2,112,C:0.919643,T,0.0803571,NA,NA,NA,NA,NA,NA,NA,NA,NA,NA,NA,NA,NA,NA,NA,NA,NA,NA,NA,NA,NA,NA,NA,NA,NA,NA,NA,NA,NA,NA,NA,NA,NA,NA,NA,NA,NA
Chr02K,2274,22732414,22732594,5.690431126616872,2,292,C:0.39726,A,0.60274,2,192,C:0.645833,A,0.354167,2,224,C:0.933036,A,0.0669643,2,200,C:0.99,A,0.01,2,112,C:0.366071,A,0.633929,NA,NA,NA,NA,NA,NA,NA,NA,NA,NA,NA,NA,NA,NA,NA,NA,NA,NA,NA,NA,NA,NA,NA,NA,NA,NA,NA,NA,NA,NA,NA,NA,NA,NA,NA,NA,NA
Chr02K,4259,42581584,42582003,5.689863965539539,2,292,C:0.472603,T,0.527397,2,192,C:0.307292,T,0.692708,2,224,C:0.299107,T,0.700893,2,200,C:0.97,T,0.03,2,112,C:0.232143,T,0.767857,NA,NA,NA,NA,NA,NA,NA,NA,NA,NA,NA,NA,NA,NA,NA,NA,NA,NA,NA,NA,NA,NA,NA,NA,NA,NA,NA,NA,NA,NA,NA,NA,NA,NA,NA,NA,NA
Chr07N,4641,46408295,46408321,5.68984095680821,2,292,A:0.821918,G,0.178082,2,192,A:0.947917,G,0.0520833,2,224,A:0.9375,G,0.0625,2,200,A:0.98,G,0.02,2,112,A:0.857143,G,0.142857,NA,NA,NA,NA,NA,NA,NA,NA,NA,NA,NA,NA,NA,NA,NA,NA,NA,NA,NA,NA,NA,NA,NA,NA,NA,NA,NA,NA,NA,NA,NA,NA,NA,NA,NA,NA,NA
Chr02K,3950,39493591,39493764,5.688774001050369,2,292,T:0.979452,A,0.0205479,2,192,T:0.572917,A,0.427083,2,224,T:0.754464,A,0.245536,2,200,T:0.985,A,0.015,2,112,T:0.991071,A,0.00892857,NA,NA,NA,NA,NA,NA,NA,NA,NA,NA,NA,NA,NA,NA,NA,NA,NA,NA,NA,NA,NA,NA,NA,NA,NA,NA,NA,NA,NA,NA,NA,NA,NA,NA,NA,NA,NA
Chr05N,3184,31837566,31837782,5.679964461279528,2,292,C:0.941781,T,0.0582192,2,192,C:0.916667,T,0.0833333,2,224,C:0.883929,T,0.116071,2,200,C:0.95,T,0.05,2,112,C:0.973214,T,0.0267857,NA,NA,NA,NA,NA,NA,NA,NA,NA,NA,NA,NA,NA,NA,NA,NA,NA,NA,NA,NA,NA,NA,NA,NA,NA,NA,NA,NA,NA,NA,NA,NA,NA,NA,NA,NA,NA
Chr08K,4993,49924401,49924407,5.676574967856869,2,292,G:0.989726,A,0.010274,2,192,G:0.807292,A,0.192708,2,224,G:0.852679,A,0.147321,2,200,G:0.99,A,0.01,2,112,G:0.946429,A,0.0535714,NA,NA,NA,NA,NA,NA,NA,NA,NA,NA,NA,NA,NA,NA,NA,NA,NA,NA,NA,NA,NA,NA,NA,NA,NA,NA,NA,NA,NA,NA,NA,NA,NA,NA,NA,NA,NA
Chr02K,2703,27028968,27029243,5.648716811804088,2,292,C:0.986301,T,0.0136986,2,192,C:0.807292,T,0.192708,2,224,C:0.584821,T,0.415179,2,200,C:0.98,T,0.02,2,112,C:0.982143,T,0.0178571,NA,NA,NA,NA,NA,NA,NA,NA,NA,NA,NA,NA,NA,NA,NA,NA,NA,NA,NA,NA,NA,NA,NA,NA,NA,NA,NA,NA,NA,NA,NA,NA,NA,NA,NA,NA,NA
Chr04K,50,490187,490237,5.609949383498254,2,292,A:0.849315,G,0.150685,2,192,A:0.739583,G,0.260417,2,224,A:0.65625,G,0.34375,2,200,A:0.855,G,0.145,2,112,A:0.705357,G,0.294643,NA,NA,NA,NA,NA,NA,NA,NA,NA,NA,NA,NA,NA,NA,NA,NA,NA,NA,NA,NA,NA,NA,NA,NA,NA,NA,NA,NA,NA,NA,NA,NA,NA,NA,NA,NA,NA
Chr06N,3243,32425839,32425877,5.571441436529376,2,292,A:0.660959,G,0.339041,2,192,A:0.802083,G,0.197917,2,224,A:0.915179,G,0.0848214,2,200,A:0.985,G,0.015,2,112,A:0.75,G,0.25,NA,NA,NA,NA,NA,NA,NA,NA,NA,NA,NA,NA,NA,NA,NA,NA,NA,NA,NA,NA,NA,NA,NA,NA,NA,NA,NA,NA,NA,NA,NA,NA,NA,NA,NA,NA,NA
Chr08N,703,7027111,7027142,5.5652137229349075,2,292,A:0.558219,G,0.441781,2,192,A:0.411458,G,0.588542,2,224,A:0.486607,G,0.513393,2,200,A:0.71,G,0.29,2,112,A:0.625,G,0.375,NA,NA,NA,NA,NA,NA,NA,NA,NA,NA,NA,NA,NA,NA,NA,NA,NA,NA,NA,NA,NA,NA,NA,NA,NA,NA,NA,NA,NA,NA,NA,NA,NA,NA,NA,NA,NA
Chr04N,3138,31376557,31376713,5.5297601228721,2,292,G:0.363014,T,0.636986,2,192,G:0.177083,T,0.822917,2,224,G:0.151786,T,0.848214,2,200,G:0.985,T,0.015,2,112,G:0.741071,T,0.258929,NA,NA,NA,NA,NA,NA,NA,NA,NA,NA,NA,NA,NA,NA,NA,NA,NA,NA,NA,NA,NA,NA,NA,NA,NA,NA,NA,NA,NA,NA,NA,NA,NA,NA,NA,NA,NA
Chr06K,3129,31285173,31285207,5.503421802167647,2,292,G:0.770548,A,0.229452,2,192,G:0.447917,A,0.552083,2,224,G:0.660714,A,0.339286,2,200,G:0.615,A,0.385,2,112,G:0.803571,A,0.196429,NA,NA,NA,NA,NA,NA,NA,NA,NA,NA,NA,NA,NA,NA,NA,NA,NA,NA,NA,NA,NA,NA,NA,NA,NA,NA,NA,NA,NA,NA,NA,NA,NA,NA,NA,NA,NA
