Qqplot_order,path,site,phe,subpop,individuals,SNPs,PCs,date_run,time_run,bonferroni,notes,peak info,qqplot
1,analysis/gwas/GDD/QQplot,BRKG,CGDD.12C,Atlantic,104,10.6M,1,2020-06-14,06.47.37.png,10,,,skip
2,analysis/gwas/GDD/QQplot,BRKG,CGDD.12C,Midwest_Gulf,111,12.1M,12,2020-06-12,16.00.54.png,1,,,skip
3,analysis/gwas/GDD/QQplot,BRKG,CGDD.12C,Midwest_Atlantic,167,12.3M,7,2020-06-14,21.43.18.png,10,nice,,
4,analysis/gwas/GDD/QQplot,BRKG,CRAIN.5d,Atlantic,104,10.6M,0,2020-06-14,11.17.34.png,100,structure,,skip
5,analysis/gwas/GDD/QQplot,BRKG,CRAIN.5d,Midwest_Gulf,111,12.1M,1,2020-06-12,22.07.56.png,10,nice,,
6,analysis/gwas/GDD/QQplot,BRKG,CRAIN.5d,Midwest_Atlantic,167,12.3M,1,2020-06-15,03.29.54.png,10,nice,,
7,analysis/gwas/GDD/QQplot,BRKG,CRAIN,Atlantic,104,10.6M,1,2020-06-14,11.04.48.png,100,,,skip
8,analysis/gwas/GDD/QQplot,BRKG,CRAIN,Midwest_Gulf,111,12.1M,8,2020-06-12,21.54.03.png,10,nice,,
9,analysis/gwas/GDD/QQplot,BRKG,CRAIN,Midwest_Atlantic,167,12.3M,5,2020-06-15,03.15.56.png,100,nice,,
10,analysis/gwas/GDD/QQplot,BRKG,EM1,Atlantic,109,10.6M,7,2020-06-14,15.34.55.png,10,nice,,
11,analysis/gwas/GDD/QQplot,BRKG,EM1,Midwest_Gulf,139,12.1M,15,2020-06-13,04.10.32.png,1,nice,,
12,analysis/gwas/GDD/QQplot,BRKG,EM1,Midwest_Atlantic,172,12.3M,15,2020-06-15,09.02.24.png,1,,,skip
13,analysis/gwas/GDD/QQplot,BRKG,EM50,Atlantic,109,10.6M,7,2020-06-14,15.48.00.png,1,,,skip
14,analysis/gwas/GDD/QQplot,BRKG,EM50,Midwest_Gulf,139,12.1M,8,2020-06-13,04.24.50.png,NA,structure,,skip
15,analysis/gwas/GDD/QQplot,BRKG,EM50,Midwest_Atlantic,172,12.3M,15,2020-06-15,09.16.46.png,10,,,skip
16,analysis/gwas/GDD/QQplot,BRKG,FL1,Atlantic,109,10.6M,3,2020-06-14,16.00.49.png,100,nice,,
17,analysis/gwas/GDD/QQplot,BRKG,FL1,Midwest_Gulf,139,12.1M,15,2020-06-13,04.39.05.png,0,,,skip
18,analysis/gwas/GDD/QQplot,BRKG,FL1,Midwest_Atlantic,172,12.3M,5,2020-06-15,09.31.20.png,100,nice,,
19,analysis/gwas/GDD/QQplot,BRKG,FL50,Atlantic,109,10.6M,3,2020-06-14,09.34.42.png,100,nice,,
20,analysis/gwas/GDD/QQplot,BRKG,FL50,Midwest_Gulf,135,12.1M,15,2020-06-12,19.48.44.png,0,,,skip
21,analysis/gwas/GDD/QQplot,BRKG,FL50,Midwest_Atlantic,172,12.3M,5,2020-06-15,01.19.51.png,100,nice,,
22,analysis/gwas/GDD/QQplot,BRKG,GR100,Midwest_Atlantic,160,12.3M,2,2020-06-15,10.00.28.png,0,,,skip
23,analysis/gwas/GDD/QQplot,BRKG,GR1,Atlantic,110,10.6M,3,2020-06-14,16.13.35.png,0,,,skip
24,analysis/gwas/GDD/QQplot,BRKG,GR1,Midwest_Gulf,144,12.1M,3,2020-06-13,04.53.12.png,0,,,skip
25,analysis/gwas/GDD/QQplot,BRKG,GR1,Midwest_Atlantic,173,12.3M,2,2020-06-15,09.45.49.png,10,nice,,
26,analysis/gwas/GDD/QQplot,BRKG,GR50,Atlantic,104,10.6M,3,2020-06-14,08.04.48.png,0,,,skip
27,analysis/gwas/GDD/QQplot,BRKG,GR50,Midwest_Gulf,112,12.1M,3,2020-06-12,17.56.47.png,0,,,skip
28,analysis/gwas/GDD/QQplot,BRKG,GR50,Midwest_Atlantic,167,12.3M,2,2020-06-14,23.24.39.png,10,nice,,
29,analysis/gwas/GDD/QQplot,BRKG,PTT.12C,Atlantic,104,10.6M,1,2020-06-14,13.25.38.png,10,,,skip
30,analysis/gwas/GDD/QQplot,BRKG,PTT.12C,Midwest_Gulf,111,12.1M,9,2020-06-13,01.20.15.png,1,,,skip
31,analysis/gwas/GDD/QQplot,BRKG,PTT.12C,Midwest_Atlantic,167,12.3M,7,2020-06-15,06.22.34.png,10,nice,,
32,analysis/gwas/GDD/QQplot,CLMB,CGDD.12C,Midwest,119,8.8M,9,2020-06-13,11.57.03.png,10,nice,,
33,analysis/gwas/GDD/QQplot,CLMB,CGDD.12C,Gulf,148,10.3M,2,2020-06-13,18.20.32.png,0,nice,,
34,analysis/gwas/GDD/QQplot,CLMB,CGDD.12C,Atlantic,228,10.6M,7,2020-06-14,07.00.48.png,0,,,skip
35,analysis/gwas/GDD/QQplot,CLMB,CGDD.12C,Midwest_Gulf,267,12.1M,15,2020-06-12,16.15.08.png,10,nice,,
36,analysis/gwas/GDD/QQplot,CLMB,CGDD.12C,Midwest_Atlantic,347,12.3M,15,2020-06-14,21.57.44.png,100,nice,,
37,analysis/gwas/GDD/QQplot,CLMB,CRAIN.5d,Midwest,119,8.8M,3,2020-06-13,14.03.03.png,0,,,skip
38,analysis/gwas/GDD/QQplot,CLMB,CRAIN.5d,Gulf,148,10.3M,1,2020-06-13,22.07.53.png,0,,,skip
39,analysis/gwas/GDD/QQplot,CLMB,CRAIN.5d,Atlantic,228,10.6M,1,2020-06-14,11.43.01.png,0,,,skip
40,analysis/gwas/GDD/QQplot,CLMB,CRAIN.5d,Midwest_Gulf,267,12.1M,2,2020-06-12,22.36.08.png,0,nice,,
41,analysis/gwas/GDD/QQplot,CLMB,CRAIN.5d,Midwest_Atlantic,347,12.3M,5,2020-06-15,03.58.50.png,0,nice,,
42,analysis/gwas/GDD/QQplot,CLMB,CRAIN,Midwest,119,8.8M,11,2020-06-13,13.51.44.png,0,,,skip
43,analysis/gwas/GDD/QQplot,CLMB,CRAIN,Gulf,148,10.3M,11,2020-06-13,21.55.16.png,0,nice,Chr05N,
44,analysis/gwas/GDD/QQplot,CLMB,CRAIN,Atlantic,228,10.6M,2,2020-06-14,11.30.15.png,10,,,skip
45,analysis/gwas/GDD/QQplot,CLMB,CRAIN,Midwest_Gulf,267,12.1M,14,2020-06-12,22.22.05.png,10,nice,Chr05N,
46,analysis/gwas/GDD/QQplot,CLMB,CRAIN,Midwest_Atlantic,347,12.3M,15,2020-06-15,03.44.28.png,10,,,skip
47,analysis/gwas/GDD/QQplot,CLMB,EM1,Midwest,119,8.8M,6,2020-06-13,16.08.45.png,0,,,skip
48,analysis/gwas/GDD/QQplot,CLMB,EM1,Gulf,149,10.3M,7,2020-06-14,01.40.04.png,0,,,skip
49,analysis/gwas/GDD/QQplot,CLMB,EM1,Atlantic,228,10.6M,13,2020-06-14,16.26.20.png,0,,,skip
50,analysis/gwas/GDD/QQplot,CLMB,EM1,Midwest_Gulf,268,12.1M,14,2020-06-13,05.07.12.png,0,,,skip
51,analysis/gwas/GDD/QQplot,CLMB,EM1,Midwest_Atlantic,347,12.3M,11,2020-06-15,10.15.31.png,100,nice,,
52,analysis/gwas/GDD/QQplot,CLMB,EM50,Midwest,119,8.8M,8,2020-06-13,16.20.22.png,10,nice,,
53,analysis/gwas/GDD/QQplot,CLMB,EM50,Gulf,149,10.3M,7,2020-06-14,01.52.47.png,1,nice,,
54,analysis/gwas/GDD/QQplot,CLMB,EM50,Atlantic,228,10.6M,13,2020-06-14,16.39.11.png,1,nice,,
55,analysis/gwas/GDD/QQplot,CLMB,EM50,Midwest_Gulf,268,12.1M,14,2020-06-13,05.21.13.png,1,,,skip
56,analysis/gwas/GDD/QQplot,CLMB,EM50,Midwest_Atlantic,347,12.3M,11,2020-06-15,10.30.16.png,10,nice,,
57,analysis/gwas/GDD/QQplot,CLMB,FL1,Midwest,119,8.8M,9,2020-06-13,16.32.01.png,0,,,skip
58,analysis/gwas/GDD/QQplot,CLMB,FL1,Gulf,149,10.3M,7,2020-06-14,02.05.30.png,0,,,skip
59,analysis/gwas/GDD/QQplot,CLMB,FL1,Atlantic,228,10.6M,13,2020-06-14,16.52.15.png,0,,,skip
60,analysis/gwas/GDD/QQplot,CLMB,FL1,Midwest_Gulf,268,12.1M,14,2020-06-13,05.35.46.png,0,,,skip
61,analysis/gwas/GDD/QQplot,CLMB,FL1,Midwest_Atlantic,347,12.3M,13,2020-06-15,10.45.27.png,100,nice,,
62,analysis/gwas/GDD/QQplot,CLMB,FL50,Midwest,119,8.8M,9,2020-06-13,13.05.54.png,1,nice,Chr08N,
63,analysis/gwas/GDD/QQplot,CLMB,FL50,Gulf,149,10.3M,13,2020-06-13,20.39.37.png,0,,,skip
64,analysis/gwas/GDD/QQplot,CLMB,FL50,Atlantic,228,10.6M,13,2020-06-14,09.47.41.png,0,,,skip
65,analysis/gwas/GDD/QQplot,CLMB,FL50,Midwest_Gulf,268,12.1M,14,2020-06-12,20.03.29.png,0,,,skip
66,analysis/gwas/GDD/QQplot,CLMB,FL50,Midwest_Atlantic,347,12.3M,11,2020-06-15,01.34.51.png,100,nice,lots,
67,analysis/gwas/GDD/QQplot,CLMB,GR100,Midwest,119,8.8M,2,2020-06-13,16.54.40.png,,structure,,skip
68,analysis/gwas/GDD/QQplot,CLMB,GR100,Gulf,148,10.3M,13,2020-06-14,02.30.50.png,0,,,skip
69,analysis/gwas/GDD/QQplot,CLMB,GR100,Atlantic,229,10.6M,3,2020-06-14,17.18.03.png,1,,,skip
70,analysis/gwas/GDD/QQplot,CLMB,GR100,Midwest_Gulf,267,12.1M,5,2020-06-13,06.04.47.png,10,,,skip
71,analysis/gwas/GDD/QQplot,CLMB,GR100,Midwest_Atlantic,348,12.3M,4,2020-06-15,11.14.40.png,10,nice,,
72,analysis/gwas/GDD/QQplot,CLMB,GR1,Midwest,119,8.8M,2,2020-06-13,16.43.23.png,,structure,,skip
73,analysis/gwas/GDD/QQplot,CLMB,GR1,Gulf,149,10.3M,7,2020-06-14,02.18.15.png,100,nice,Chr09N,
74,analysis/gwas/GDD/QQplot,CLMB,GR1,Atlantic,229,10.6M,3,2020-06-14,17.05.06.png,10,,,skip
75,analysis/gwas/GDD/QQplot,CLMB,GR1,Midwest_Gulf,268,12.1M,3,2020-06-13,05.50.19.png,100,nice,lots,
76,analysis/gwas/GDD/QQplot,CLMB,GR1,Midwest_Atlantic,348,12.3M,4,2020-06-15,11.00.14.png,10,nice,,
77,analysis/gwas/GDD/QQplot,CLMB,GR50,Midwest,119,8.8M,0,2020-06-13,12.31.34.png,,structure,,skip
78,analysis/gwas/GDD/QQplot,CLMB,GR50,Gulf,148,10.3M,13,2020-06-13,19.24.08.png,1,,,skip
79,analysis/gwas/GDD/QQplot,CLMB,GR50,Atlantic,229,10.6M,3,2020-06-14,08.17.34.png,100,,,skip
80,analysis/gwas/GDD/QQplot,CLMB,GR50,Midwest_Gulf,267,12.1M,5,2020-06-12,18.10.51.png,100,nice,,
81,analysis/gwas/GDD/QQplot,CLMB,GR50,Midwest_Atlantic,348,12.3M,2,2020-06-14,23.39.41.png,1000,nice,lots,
82,analysis/gwas/GDD/QQplot,CLMB,PTT.12C,Midwest,119,8.8M,15,2020-06-13,14.48.34.png,1,nice,Chr08N,
83,analysis/gwas/GDD/QQplot,CLMB,PTT.12C,Gulf,148,10.3M,2,2020-06-13,23.45.57.png,0,,Chr05N,skip
84,analysis/gwas/GDD/QQplot,CLMB,PTT.12C,Atlantic,228,10.6M,7,2020-06-14,13.38.52.png,0,,,skip
85,analysis/gwas/GDD/QQplot,CLMB,PTT.12C,Midwest_Gulf,267,12.1M,15,2020-06-13,01.34.07.png,10,nice,Chr05N,
86,analysis/gwas/GDD/QQplot,CLMB,PTT.12C,Midwest_Atlantic,347,12.3M,15,2020-06-15,06.37.20.png,100,nice,lots,
87,analysis/gwas/GDD/QQplot,KBSM,CGDD.12C,Midwest,108,8.8M,8,2020-06-13,12.08.46.png,1,nice,Chr04K,
88,analysis/gwas/GDD/QQplot,KBSM,CGDD.12C,Gulf,191,10.3M,4,2020-06-13,18.45.57.png,100,nice,lots,
89,analysis/gwas/GDD/QQplot,KBSM,CGDD.12C,Atlantic,198,10.6M,6,2020-06-14,07.26.15.png,0,,,skip
90,analysis/gwas/GDD/QQplot,KBSM,CGDD.12C,Midwest_Gulf,299,12.1M,8,2020-06-12,16.59.16.png,100,nice,lots,
91,analysis/gwas/GDD/QQplot,KBSM,CGDD.12C,Midwest_Atlantic,306,12.3M,13,2020-06-14,22.26.53.png,100,nice,,
92,analysis/gwas/GDD/QQplot,KBSM,CRAIN.5d,Midwest,108,8.8M,2,2020-06-13,14.25.55.png,10,nice,"Chr02K, Chr04K",
93,analysis/gwas/GDD/QQplot,KBSM,CRAIN.5d,Gulf,191,10.3M,0,2020-06-13,22.56.47.png,0,,,skip
94,analysis/gwas/GDD/QQplot,KBSM,CRAIN.5d,Atlantic,198,10.6M,8,2020-06-14,12.34.24.png,0,,,skip
95,analysis/gwas/GDD/QQplot,KBSM,CRAIN.5d,Midwest_Gulf,299,12.1M,2,2020-06-12,23.57.24.png,0,,,skip
96,analysis/gwas/GDD/QQplot,KBSM,CRAIN.5d,Midwest_Atlantic,306,12.3M,1,2020-06-15,04.56.17.png,10,nice,,
97,analysis/gwas/GDD/QQplot,KBSM,CRAIN,Midwest,108,8.8M,5,2020-06-13,14.14.28.png,0,,,skip
98,analysis/gwas/GDD/QQplot,KBSM,CRAIN,Gulf,191,10.3M,7,2020-06-13,22.44.43.png,100,nice,Chr08N,
99,analysis/gwas/GDD/QQplot,KBSM,CRAIN,Atlantic,198,10.6M,3,2020-06-14,12.21.28.png,0,,,skip
100,analysis/gwas/GDD/QQplot,KBSM,CRAIN,Midwest_Gulf,299,12.1M,7,2020-06-12,23.43.35.png,10,,,skip
101,analysis/gwas/GDD/QQplot,KBSM,CRAIN,Midwest_Atlantic,306,12.3M,13,2020-06-15,04.41.49.png,0,,,skip
102,analysis/gwas/GDD/QQplot,KBSM,EM1,Midwest,105,8.8M,2,2020-06-13,17.06.07.png,,structure,,skip
103,analysis/gwas/GDD/QQplot,KBSM,EM1,Atlantic,197,10.6M,13,2020-06-14,18.35.20.png,10,,,skip
104,analysis/gwas/GDD/QQplot,KBSM,EM1,Gulf,205,10.3M,14,2020-06-14,03.46.12.png,0,,,skip
105,analysis/gwas/GDD/QQplot,KBSM,EM1,Midwest_Atlantic,302,12.3M,10,2020-06-15,13.09.57.png,10,,,skip
106,analysis/gwas/GDD/QQplot,KBSM,EM1,Midwest_Gulf,310,12.1M,13,2020-06-13,08.40.12.png,10,,,skip
107,analysis/gwas/GDD/QQplot,KBSM,EM50,Midwest,109,8.8M,3,2020-06-13,17.17.41.png,,structure,,skip
108,analysis/gwas/GDD/QQplot,KBSM,EM50,Atlantic,200,10.6M,13,2020-06-14,18.48.23.png,100,nice,,
109,analysis/gwas/GDD/QQplot,KBSM,EM50,Gulf,205,10.3M,14,2020-06-14,03.58.44.png,0,,,skip
110,analysis/gwas/GDD/QQplot,KBSM,EM50,Midwest_Atlantic,309,12.3M,10,2020-06-15,13.24.36.png,10,nice,"Chr05N, Chr08N",
111,analysis/gwas/GDD/QQplot,KBSM,EM50,Midwest_Gulf,314,12.1M,11,2020-06-13,08.54.32.png,10,,,skip
112,analysis/gwas/GDD/QQplot,KBSM,FL1,Midwest,109,8.8M,6,2020-06-13,17.28.57.png,,structure,,skip
113,analysis/gwas/GDD/QQplot,KBSM,FL1,Atlantic,199,10.6M,5,2020-06-14,19.01.31.png,10,nice,,
114,analysis/gwas/GDD/QQplot,KBSM,FL1,Gulf,205,10.3M,14,2020-06-14,04.11.25.png,1,,,skip
115,analysis/gwas/GDD/QQplot,KBSM,FL1,Midwest_Atlantic,308,12.3M,13,2020-06-15,13.39.25.png,10,nice,Chr05N,
116,analysis/gwas/GDD/QQplot,KBSM,FL1,Midwest_Gulf,314,12.1M,15,2020-06-13,09.08.58.png,1,nice,Chr04K,
117,analysis/gwas/GDD/QQplot,KBSM,FL50,Midwest,109,8.8M,6,2020-06-13,13.17.18.png,0,,,skip
118,analysis/gwas/GDD/QQplot,KBSM,FL50,Gulf,198,10.3M,7,2020-06-13,21.04.47.png,100,nice,,
119,analysis/gwas/GDD/QQplot,KBSM,FL50,Atlantic,199,10.6M,5,2020-06-14,10.13.14.png,0,,,skip
120,analysis/gwas/GDD/QQplot,KBSM,FL50,Midwest_Gulf,307,12.1M,11,2020-06-12,20.45.04.png,100,nice,"Chr05N, Chr09K",
121,analysis/gwas/GDD/QQplot,KBSM,FL50,Midwest_Atlantic,308,12.3M,13,2020-06-15,02.03.49.png,10,nice,Chr04N,
122,analysis/gwas/GDD/QQplot,KBSM,GR100,Midwest,108,8.8M,0,2020-06-13,17.51.44.png,,structure,,skip
123,analysis/gwas/GDD/QQplot,KBSM,GR100,Gulf,171,10.3M,5,2020-06-14,04.37.00.png,0,,,skip
124,analysis/gwas/GDD/QQplot,KBSM,GR100,Atlantic,196,10.6M,1,2020-06-14,19.27.08.png,0,,,skip
125,analysis/gwas/GDD/QQplot,KBSM,GR100,Midwest_Gulf,279,12.1M,6,2020-06-13,09.37.22.png,1,,,skip
126,analysis/gwas/GDD/QQplot,KBSM,GR100,Midwest_Atlantic,304,12.3M,2,2020-06-15,14.08.44.png,0,,,skip
127,analysis/gwas/GDD/QQplot,KBSM,GR1,Midwest,109,8.8M,0,2020-06-13,17.40.21.png,,structure,,skip
128,analysis/gwas/GDD/QQplot,KBSM,GR1,Atlantic,200,10.6M,3,2020-06-14,19.14.18.png,0,,,skip
129,analysis/gwas/GDD/QQplot,KBSM,GR1,Gulf,208,10.3M,8,2020-06-14,04.24.10.png,10,,,skip
130,analysis/gwas/GDD/QQplot,KBSM,GR1,Midwest_Atlantic,309,12.3M,4,2020-06-15,13.53.59.png,1,,,skip
131,analysis/gwas/GDD/QQplot,KBSM,GR1,Midwest_Gulf,317,12.1M,9,2020-06-13,09.23.19.png,100,nice,"Chr02N, 9K, 9N",
132,analysis/gwas/GDD/QQplot,KBSM,GR50,Midwest,108,8.8M,0,2020-06-13,12.42.59.png,,structure,,skip
133,analysis/gwas/GDD/QQplot,KBSM,GR50,Gulf,195,10.3M,9,2020-06-13,19.49.33.png,1,nice,,
134,analysis/gwas/GDD/QQplot,KBSM,GR50,Atlantic,199,10.6M,3,2020-06-14,08.43.14.png,0,,,skip
135,analysis/gwas/GDD/QQplot,KBSM,GR50,Midwest_Gulf,303,12.1M,5,2020-06-12,18.52.38.png,10,,,skip
136,analysis/gwas/GDD/QQplot,KBSM,GR50,Midwest_Atlantic,307,12.3M,4,2020-06-15,00.22.56.png,0,,,skip
137,analysis/gwas/GDD/QQplot,KBSM,PTT.12C,Midwest,108,8.8M,8,2020-06-13,15.00.07.png,0,,,skip
138,analysis/gwas/GDD/QQplot,KBSM,PTT.12C,Gulf,191,10.3M,4,2020-06-14,00.11.10.png,100,,,skip
139,analysis/gwas/GDD/QQplot,KBSM,PTT.12C,Atlantic,198,10.6M,7,2020-06-14,14.04.20.png,0,,,skip
140,analysis/gwas/GDD/QQplot,KBSM,PTT.12C,Midwest_Gulf,299,12.1M,7,2020-06-13,02.16.55.png,1000,,lots,skip
141,analysis/gwas/GDD/QQplot,KBSM,PTT.12C,Midwest_Atlantic,306,12.3M,13,2020-06-15,07.06.35.png,100,nice,,
142,analysis/gwas/GDD/QQplot,KING,CGDD.12C,Gulf,111,10.3M,8,2020-06-13,18.33.18.png,0,,,skip
143,analysis/gwas/GDD/QQplot,KING,CGDD.12C,Midwest_Gulf,135,12.1M,4,2020-06-12,16.29.50.png,1,,,skip
144,analysis/gwas/GDD/QQplot,KING,CRAIN.5d,Gulf,111,10.3M,0,2020-06-13,22.32.12.png,100,messy,,skip
145,analysis/gwas/GDD/QQplot,KING,CRAIN.5d,Midwest_Gulf,135,12.1M,0,2020-06-12,23.02.51.png,10,messy,,skip
146,analysis/gwas/GDD/QQplot,KING,CRAIN,Gulf,111,10.3M,4,2020-06-13,22.20.11.png,1,,,skip
147,analysis/gwas/GDD/QQplot,KING,CRAIN,Midwest_Gulf,135,12.1M,4,2020-06-12,22.49.33.png,1,,,skip
148,analysis/gwas/GDD/QQplot,KING,EM1,Gulf,185,10.3M,1,2020-06-14,02.43.07.png,0,nice,,
149,analysis/gwas/GDD/QQplot,KING,EM1,Midwest_Gulf,214,12.1M,2,2020-06-13,06.18.59.png,0,nice,,
150,analysis/gwas/GDD/QQplot,KING,EM50,Gulf,183,10.3M,6,2020-06-14,02.55.37.png,1,,,skip
151,analysis/gwas/GDD/QQplot,KING,EM50,Midwest_Gulf,208,12.1M,11,2020-06-13,06.32.40.png,1,,,skip
152,analysis/gwas/GDD/QQplot,KING,FL1,Gulf,165,10.3M,4,2020-06-14,03.08.26.png,1,,,skip
153,analysis/gwas/GDD/QQplot,KING,FL1,Midwest_Gulf,194,12.1M,3,2020-06-13,06.46.45.png,1,,,skip
154,analysis/gwas/GDD/QQplot,KING,FL50,Gulf,155,10.3M,9,2020-06-13,20.52.14.png,1,,,skip
155,analysis/gwas/GDD/QQplot,KING,FL50,Midwest_Gulf,179,12.1M,7,2020-06-12,20.17.34.png,1,,,skip
156,analysis/gwas/GDD/QQplot,KING,GR100,Midwest_Atlantic,102,12.3M,4,2020-06-15,11.43.17.png,0,,,skip
157,analysis/gwas/GDD/QQplot,KING,GR100,Gulf,161,10.3M,6,2020-06-14,03.33.30.png,1,nice,,
158,analysis/gwas/GDD/QQplot,KING,GR100,Midwest_Gulf,190,12.1M,9,2020-06-13,07.15.45.png,10,nice,,
159,analysis/gwas/GDD/QQplot,KING,GR1,Midwest_Atlantic,106,12.3M,4,2020-06-15,11.28.57.png,0,,,skip
160,analysis/gwas/GDD/QQplot,KING,GR1,Gulf,126,10.3M,4,2020-06-14,03.20.43.png,10,,,skip
161,analysis/gwas/GDD/QQplot,KING,GR1,Midwest_Gulf,158,12.1M,5,2020-06-13,07.01.15.png,100,messy,,skip
162,analysis/gwas/GDD/QQplot,KING,GR50,Midwest_Atlantic,103,12.3M,4,2020-06-14,23.54.21.png,0,,,skip
163,analysis/gwas/GDD/QQplot,KING,GR50,Gulf,138,10.3M,6,2020-06-13,19.36.49.png,10,,,skip
164,analysis/gwas/GDD/QQplot,KING,GR50,Midwest_Gulf,168,12.1M,5,2020-06-12,18.25.07.png,100,,,skip
165,analysis/gwas/GDD/QQplot,KING,PTT.12C,Gulf,111,10.3M,8,2020-06-13,23.58.30.png,0,,,skip
166,analysis/gwas/GDD/QQplot,KING,PTT.12C,Midwest_Gulf,135,12.1M,4,2020-06-13,01.48.14.png,1,,,skip
167,analysis/gwas/GDD/QQplot,LINC,CGDD.12C,Atlantic,123,10.6M,3,2020-06-14,07.13.25.png,0,,,skip
168,analysis/gwas/GDD/QQplot,LINC,CGDD.12C,Midwest_Gulf,132,12.1M,6,2020-06-12,16.44.31.png,100,nice,"Chr04K, Chr05N",
169,analysis/gwas/GDD/QQplot,LINC,CGDD.12C,Midwest_Atlantic,190,12.3M,9,2020-06-14,22.12.12.png,0,,,skip
170,analysis/gwas/GDD/QQplot,LINC,CRAIN.5d,Atlantic,123,10.6M,3,2020-06-14,12.08.41.png,1,,,skip
171,analysis/gwas/GDD/QQplot,LINC,CRAIN.5d,Midwest_Gulf,132,12.1M,6,2020-06-12,23.29.44.png,1,,,skip
172,analysis/gwas/GDD/QQplot,LINC,CRAIN.5d,Midwest_Atlantic,190,12.3M,0,2020-06-15,04.27.28.png,1,,,skip
173,analysis/gwas/GDD/QQplot,LINC,CRAIN,Atlantic,123,10.6M,1,2020-06-14,11.55.45.png,100,nice,,
174,analysis/gwas/GDD/QQplot,LINC,CRAIN,Midwest_Gulf,132,12.1M,5,2020-06-12,23.16.04.png,0,,,skip
175,analysis/gwas/GDD/QQplot,LINC,CRAIN,Midwest_Atlantic,190,12.3M,5,2020-06-15,04.13.10.png,10,nice,"Chr05N, Chr08N",
176,analysis/gwas/GDD/QQplot,LINC,EM1,Atlantic,123,10.6M,8,2020-06-14,17.31.02.png,1,,,skip
177,analysis/gwas/GDD/QQplot,LINC,EM1,Midwest_Gulf,136,12.1M,15,2020-06-13,07.30.12.png,1,,,skip
178,analysis/gwas/GDD/QQplot,LINC,EM1,Midwest_Atlantic,193,12.3M,11,2020-06-15,11.57.38.png,100,centromere,Chr02K,
179,analysis/gwas/GDD/QQplot,LINC,EM50,Atlantic,123,10.6M,7,2020-06-14,17.43.55.png,1,,,skip
180,analysis/gwas/GDD/QQplot,LINC,EM50,Midwest_Gulf,136,12.1M,15,2020-06-13,07.44.05.png,0,,,skip
181,analysis/gwas/GDD/QQplot,LINC,EM50,Midwest_Atlantic,193,12.3M,12,2020-06-15,12.11.55.png,10,centromere,,
182,analysis/gwas/GDD/QQplot,LINC,FL1,Atlantic,123,10.6M,3,2020-06-14,17.56.45.png,1,,,skip
183,analysis/gwas/GDD/QQplot,LINC,FL1,Midwest_Gulf,136,12.1M,9,2020-06-13,07.58.09.png,10,messy,,skip
184,analysis/gwas/GDD/QQplot,LINC,FL1,Midwest_Atlantic,193,12.3M,7,2020-06-15,12.26.25.png,10,centromere,,
185,analysis/gwas/GDD/QQplot,LINC,FL50,Atlantic,123,10.6M,3,2020-06-14,10.00.32.png,0,,,skip
186,analysis/gwas/GDD/QQplot,LINC,FL50,Midwest_Gulf,133,12.1M,9,2020-06-12,20.31.10.png,10,,,skip
187,analysis/gwas/GDD/QQplot,LINC,FL50,Midwest_Atlantic,190,12.3M,9,2020-06-15,01.49.18.png,0,,,skip
188,analysis/gwas/GDD/QQplot,LINC,GR100,Atlantic,120,10.6M,3,2020-06-14,18.22.25.png,0,,,skip
189,analysis/gwas/GDD/QQplot,LINC,GR100,Midwest_Gulf,131,12.1M,3,2020-06-13,08.26.10.png,0,,,skip
190,analysis/gwas/GDD/QQplot,LINC,GR100,Midwest_Atlantic,190,12.3M,4,2020-06-15,12.55.19.png,0,,,skip
191,analysis/gwas/GDD/QQplot,LINC,GR1,Atlantic,124,10.6M,14,2020-06-14,18.09.40.png,0,,,skip
192,analysis/gwas/GDD/QQplot,LINC,GR1,Midwest_Gulf,138,12.1M,3,2020-06-13,08.12.16.png,1,,,skip
193,analysis/gwas/GDD/QQplot,LINC,GR1,Midwest_Atlantic,194,12.3M,11,2020-06-15,12.41.02.png,0,,,skip
194,analysis/gwas/GDD/QQplot,LINC,GR50,Atlantic,124,10.6M,5,2020-06-14,08.30.32.png,1,nice,"Chr05N, Chr03K",
195,analysis/gwas/GDD/QQplot,LINC,GR50,Midwest_Gulf,137,12.1M,3,2020-06-12,18.38.53.png,0,,,skip
196,analysis/gwas/GDD/QQplot,LINC,GR50,Midwest_Atlantic,194,12.3M,4,2020-06-15,00.08.32.png,1,nice,Chr05N,
197,analysis/gwas/GDD/QQplot,LINC,PTT.12C,Atlantic,123,10.6M,5,2020-06-14,13.51.27.png,0,,,skip
198,analysis/gwas/GDD/QQplot,LINC,PTT.12C,Midwest_Gulf,132,12.1M,6,2020-06-13,02.02.17.png,1000,nice,"Chr05N, 4K, 8K",
199,analysis/gwas/GDD/QQplot,LINC,PTT.12C,Midwest_Atlantic,190,12.3M,9,2020-06-15,06.51.53.png,0,,,skip
200,analysis/gwas/GDD/QQplot,PKLE,CGDD.12C,Midwest,120,8.8M,13,2020-06-13,11.45.17.png,10,nice,Chr02N,
201,analysis/gwas/GDD/QQplot,PKLE,CGDD.12C,Gulf,184,10.3M,14,2020-06-13,18.07.43.png,10,,,skip
202,analysis/gwas/GDD/QQplot,PKLE,CGDD.12C,Atlantic,262,10.6M,14,2020-06-14,06.34.49.png,10,,,skip
203,analysis/gwas/GDD/QQplot,PKLE,CGDD.12C,Midwest_Gulf,304,12.1M,5,2020-06-12,15.47.12.png,100,,"Chr02N, 4K",skip
204,analysis/gwas/GDD/QQplot,PKLE,CGDD.12C,Midwest_Atlantic,382,12.3M,14,2020-06-14,21.28.47.png,10,nice,1N,
205,analysis/gwas/GDD/QQplot,PKLE,CRAIN.5d,Midwest,120,8.8M,2,2020-06-13,13.40.15.png,0,,,skip
206,analysis/gwas/GDD/QQplot,PKLE,CRAIN.5d,Gulf,184,10.3M,7,2020-06-13,21.42.44.png,1,nice,,
207,analysis/gwas/GDD/QQplot,PKLE,CRAIN.5d,Atlantic,262,10.6M,0,2020-06-14,10.51.59.png,10,nice,,
208,analysis/gwas/GDD/QQplot,PKLE,CRAIN.5d,Midwest_Gulf,304,12.1M,2,2020-06-12,21.40.11.png,100,nice,"9N, 7N, 8N",
209,analysis/gwas/GDD/QQplot,PKLE,CRAIN.5d,Midwest_Atlantic,382,12.3M,1,2020-06-15,03.01.30.png,100,nice,"9N, 7N, 8N",
210,analysis/gwas/GDD/QQplot,PKLE,CRAIN,Midwest,120,8.8M,2,2020-06-13,13.28.53.png,1,,,skip
211,analysis/gwas/GDD/QQplot,PKLE,CRAIN,Gulf,184,10.3M,14,2020-06-13,21.30.06.png,10,nice,Chr07K,
212,analysis/gwas/GDD/QQplot,PKLE,CRAIN,Atlantic,262,10.6M,11,2020-06-14,10.39.10.png,10,nice,"3N, 7K",
213,analysis/gwas/GDD/QQplot,PKLE,CRAIN,Midwest_Gulf,304,12.1M,15,2020-06-12,21.26.13.png,0,,,skip
214,analysis/gwas/GDD/QQplot,PKLE,CRAIN,Midwest_Atlantic,382,12.3M,15,2020-06-15,02.46.52.png,0,,,skip
215,analysis/gwas/GDD/QQplot,PKLE,EM1,Midwest,122,8.8M,4,2020-06-13,15.11.41.png,,structure,,skip
216,analysis/gwas/GDD/QQplot,PKLE,EM1,Gulf,226,10.3M,14,2020-06-14,00.36.17.png,1,,,skip
217,analysis/gwas/GDD/QQplot,PKLE,EM1,Atlantic,264,10.6M,11,2020-06-14,14.30.14.png,1,,,skip
218,analysis/gwas/GDD/QQplot,PKLE,EM1,Midwest_Gulf,348,12.1M,14,2020-06-13,02.59.17.png,1,,3N,skip
219,analysis/gwas/GDD/QQplot,PKLE,EM1,Midwest_Atlantic,386,12.3M,14,2020-06-15,07.49.46.png,0,nice,8K,
220,analysis/gwas/GDD/QQplot,PKLE,EM50,Midwest,122,8.8M,4,2020-06-13,15.22.52.png,,structure,,skip
221,analysis/gwas/GDD/QQplot,PKLE,EM50,Gulf,226,10.3M,14,2020-06-14,00.49.14.png,10,messy,,skip
222,analysis/gwas/GDD/QQplot,PKLE,EM50,Atlantic,264,10.6M,12,2020-06-14,14.43.18.png,10,nice,,
223,analysis/gwas/GDD/QQplot,PKLE,EM50,Midwest_Gulf,348,12.1M,14,2020-06-13,03.13.31.png,10,nice,3N 7K,
224,analysis/gwas/GDD/QQplot,PKLE,EM50,Midwest_Atlantic,386,12.3M,14,2020-06-15,08.04.18.png,0,,,skip
225,analysis/gwas/GDD/QQplot,PKLE,FL1,Midwest,122,8.8M,2,2020-06-13,15.34.16.png,,structure,,skip
226,analysis/gwas/GDD/QQplot,PKLE,FL1,Gulf,208,10.3M,14,2020-06-14,01.01.43.png,10,nice,"3N, 8N",
227,analysis/gwas/GDD/QQplot,PKLE,FL1,Atlantic,263,10.6M,15,2020-06-14,14.56.18.png,10,nice,,
228,analysis/gwas/GDD/QQplot,PKLE,FL1,Midwest_Gulf,330,12.1M,8,2020-06-13,03.27.45.png,100,nice,"6K, 7K, 8N",
229,analysis/gwas/GDD/QQplot,PKLE,FL1,Midwest_Atlantic,385,12.3M,5,2020-06-15,08.18.55.png,10,nice,2N,
230,analysis/gwas/GDD/QQplot,PKLE,FL50,Midwest,121,8.8M,9,2020-06-13,12.54.29.png,10,,,skip
231,analysis/gwas/GDD/QQplot,PKLE,FL50,Gulf,184,10.3M,14,2020-06-13,20.27.05.png,10,,,skip
232,analysis/gwas/GDD/QQplot,PKLE,FL50,Atlantic,262,10.6M,14,2020-06-14,09.21.45.png,1,,,skip
233,analysis/gwas/GDD/QQplot,PKLE,FL50,Midwest_Gulf,305,12.1M,5,2020-06-12,19.34.49.png,100,centromere,2N,
234,analysis/gwas/GDD/QQplot,PKLE,FL50,Midwest_Atlantic,383,12.3M,14,2020-06-15,01.05.37.png,1,nice,"5N, 1N",
235,analysis/gwas/GDD/QQplot,PKLE,GR100,Midwest,123,8.8M,1,2020-06-13,15.57.23.png,1,nice,,
236,analysis/gwas/GDD/QQplot,PKLE,GR100,Gulf,227,10.3M,14,2020-06-14,01.27.26.png,1,,,skip
237,analysis/gwas/GDD/QQplot,PKLE,GR100,Atlantic,264,10.6M,3,2020-06-14,15.22.04.png,0,,,skip
238,analysis/gwas/GDD/QQplot,PKLE,GR100,Midwest_Gulf,350,12.1M,13,2020-06-13,03.56.18.png,1,nice,2N,
239,analysis/gwas/GDD/QQplot,PKLE,GR100,Midwest_Atlantic,387,12.3M,5,2020-06-15,08.47.44.png,1,nice,4K,
240,analysis/gwas/GDD/QQplot,PKLE,GR1,Midwest,125,8.8M,5,2020-06-13,15.45.56.png,0,,,skip
241,analysis/gwas/GDD/QQplot,PKLE,GR1,Gulf,227,10.3M,6,2020-06-14,01.14.36.png,0,,,skip
242,analysis/gwas/GDD/QQplot,PKLE,GR1,Atlantic,265,10.6M,3,2020-06-14,15.09.16.png,0,,,skip
243,analysis/gwas/GDD/QQplot,PKLE,GR1,Midwest_Gulf,352,12.1M,9,2020-06-13,03.42.00.png,0,,,skip
244,analysis/gwas/GDD/QQplot,PKLE,GR1,Midwest_Atlantic,390,12.3M,4,2020-06-15,08.33.20.png,1,,,skip
245,analysis/gwas/GDD/QQplot,PKLE,GR50,Midwest,124,8.8M,1,2020-06-13,12.20.11.png,0,,,skip
246,analysis/gwas/GDD/QQplot,PKLE,GR50,Gulf,227,10.3M,14,2020-06-13,19.11.32.png,1,,,skip
247,analysis/gwas/GDD/QQplot,PKLE,GR50,Atlantic,265,10.6M,6,2020-06-14,07.52.03.png,1,nice,9N,
248,analysis/gwas/GDD/QQplot,PKLE,GR50,Midwest_Gulf,351,12.1M,10,2020-06-12,17.42.28.png,1,nice,2N,
249,analysis/gwas/GDD/QQplot,PKLE,GR50,Midwest_Atlantic,389,12.3M,4,2020-06-14,23.09.51.png,1,,,skip
250,analysis/gwas/GDD/QQplot,PKLE,PTT.12C,Midwest,120,8.8M,13,2020-06-13,14.37.13.png,100,nice,"2N, 6N",
251,analysis/gwas/GDD/QQplot,PKLE,PTT.12C,Gulf,184,10.3M,14,2020-06-13,23.33.34.png,1,nice,3N,
252,analysis/gwas/GDD/QQplot,PKLE,PTT.12C,Atlantic,262,10.6M,14,2020-06-14,13.12.45.png,10,,,skip
253,analysis/gwas/GDD/QQplot,PKLE,PTT.12C,Midwest_Gulf,304,12.1M,5,2020-06-13,01.06.20.png,100,centromere,"2N, 4K",
254,analysis/gwas/GDD/QQplot,PKLE,PTT.12C,Midwest_Atlantic,382,12.3M,14,2020-06-15,06.07.53.png,10,nice,1N,
255,analysis/gwas/GDD/QQplot,STIL,CGDD.12C,Midwest_Gulf,135,12.1M,11,2020-06-12,17.13.30.png,0,,,skip
256,analysis/gwas/GDD/QQplot,STIL,CGDD.12C,Midwest_Atlantic,141,12.3M,4,2020-06-14,22.41.07.png,100,nice,"4N, 6N, 8K",
257,analysis/gwas/GDD/QQplot,STIL,CRAIN.5d,Midwest_Gulf,135,12.1M,1,2020-06-13,00.24.08.png,1,,,skip
258,analysis/gwas/GDD/QQplot,STIL,CRAIN.5d,Midwest_Atlantic,141,12.3M,1,2020-06-15,05.24.46.png,10,,7K,skip
259,analysis/gwas/GDD/QQplot,STIL,CRAIN,Midwest_Gulf,135,12.1M,1,2020-06-13,00.10.45.png,0,,,skip
260,analysis/gwas/GDD/QQplot,STIL,CRAIN,Midwest_Atlantic,141,12.3M,0,2020-06-15,05.10.32.png,0,,,skip
261,analysis/gwas/GDD/QQplot,STIL,EM1,Atlantic,154,10.6M,7,2020-06-14,19.39.44.png,1,nice,9N,
262,analysis/gwas/GDD/QQplot,STIL,EM1,Gulf,217,10.3M,9,2020-06-14,04.49.35.png,0,,,skip
263,analysis/gwas/GDD/QQplot,STIL,EM1,Midwest_Atlantic,230,12.3M,10,2020-06-15,14.23.15.png,0,,,skip
264,analysis/gwas/GDD/QQplot,STIL,EM1,Midwest_Gulf,293,12.1M,12,2020-06-13,09.51.39.png,0,nice,4K,
265,analysis/gwas/GDD/QQplot,STIL,EM50,Atlantic,154,10.6M,6,2020-06-14,19.52.51.png,0,,,skip
266,analysis/gwas/GDD/QQplot,STIL,EM50,Gulf,217,10.3M,9,2020-06-14,05.02.13.png,1,nice,"1N, 2N, 6N",
267,analysis/gwas/GDD/QQplot,STIL,EM50,Midwest_Atlantic,230,12.3M,9,2020-06-15,14.37.49.png,0,,,skip
268,analysis/gwas/GDD/QQplot,STIL,EM50,Midwest_Gulf,293,12.1M,12,2020-06-13,10.05.42.png,10,nice,"1N, 6N",
269,analysis/gwas/GDD/QQplot,STIL,FL1,Atlantic,143,10.6M,5,2020-06-14,20.05.37.png,10,nice,Chr05N,
270,analysis/gwas/GDD/QQplot,STIL,FL1,Gulf,176,10.3M,12,2020-06-14,05.14.45.png,0,,,skip
271,analysis/gwas/GDD/QQplot,STIL,FL1,Midwest_Atlantic,215,12.3M,9,2020-06-15,14.52.24.png,0,,,skip
272,analysis/gwas/GDD/QQplot,STIL,FL1,Midwest_Gulf,248,12.1M,15,2020-06-13,10.19.40.png,0,,,skip
273,analysis/gwas/GDD/QQplot,STIL,FL50,Midwest_Gulf,137,12.1M,11,2020-06-12,20.58.53.png,0,,,skip
274,analysis/gwas/GDD/QQplot,STIL,FL50,Midwest_Atlantic,141,12.3M,4,2020-06-15,02.18.15.png,10,nice,8K,
275,analysis/gwas/GDD/QQplot,STIL,GR100,Atlantic,149,10.6M,0,2020-06-14,20.30.59.png,0,,,skip
276,analysis/gwas/GDD/QQplot,STIL,GR100,Gulf,213,10.3M,0,2020-06-14,05.39.37.png,0,,,skip
277,analysis/gwas/GDD/QQplot,STIL,GR100,Midwest_Atlantic,224,12.3M,7,2020-06-15,15.20.41.png,0,,,skip
278,analysis/gwas/GDD/QQplot,STIL,GR100,Midwest_Gulf,288,12.1M,6,2020-06-13,10.48.06.png,1,,,skip
279,analysis/gwas/GDD/QQplot,STIL,GR1,Atlantic,156,10.6M,0,2020-06-14,20.18.16.png,10,,,skip
280,analysis/gwas/GDD/QQplot,STIL,GR1,Gulf,217,10.3M,2,2020-06-14,05.27.19.png,1,,,skip
281,analysis/gwas/GDD/QQplot,STIL,GR1,Midwest_Atlantic,234,12.3M,0,2020-06-15,15.06.26.png,1,,,skip
282,analysis/gwas/GDD/QQplot,STIL,GR1,Midwest_Gulf,295,12.1M,11,2020-06-13,10.34.00.png,1,nice,Chr05N,
283,analysis/gwas/GDD/QQplot,STIL,GR50,Atlantic,154,10.6M,0,2020-06-14,08.55.59.png,0,,,skip
284,analysis/gwas/GDD/QQplot,STIL,GR50,Gulf,215,10.3M,0,2020-06-13,20.01.52.png,0,,,skip
285,analysis/gwas/GDD/QQplot,STIL,GR50,Midwest_Atlantic,231,12.3M,0,2020-06-15,00.36.56.png,0,,,skip
286,analysis/gwas/GDD/QQplot,STIL,GR50,Midwest_Gulf,292,12.1M,1,2020-06-12,19.06.35.png,10,nice,Chr05N,
287,analysis/gwas/GDD/QQplot,STIL,PTT.12C,Midwest_Gulf,135,12.1M,11,2020-06-13,02.31.03.png,0,,,skip
288,analysis/gwas/GDD/QQplot,STIL,PTT.12C,Midwest_Atlantic,141,12.3M,4,2020-06-15,07.21.08.png,100,nice,"4N, 6K, 6N, 8K",
289,analysis/gwas/GDD/QQplot,TMPL,CGDD.12C,Atlantic,103,10.6M,3,2020-06-14,07.39.17.png,1,,,skip
290,analysis/gwas/GDD/QQplot,TMPL,CGDD.12C,Midwest_Atlantic,163,12.3M,5,2020-06-14,22.55.19.png,1,,,skip
291,analysis/gwas/GDD/QQplot,TMPL,CGDD.12C,Gulf,194,10.3M,7,2020-06-13,18.58.39.png,0,,,skip
292,analysis/gwas/GDD/QQplot,TMPL,CGDD.12C,Midwest_Gulf,254,12.1M,12,2020-06-12,17.27.48.png,0,,,skip
293,analysis/gwas/GDD/QQplot,TMPL,CRAIN.5d,Atlantic,103,10.6M,3,2020-06-14,12.59.55.png,10,,,skip
294,analysis/gwas/GDD/QQplot,TMPL,CRAIN.5d,Midwest_Atlantic,163,12.3M,4,2020-06-15,05.53.25.png,10,,,skip
295,analysis/gwas/GDD/QQplot,TMPL,CRAIN.5d,Gulf,194,10.3M,0,2020-06-13,23.21.08.png,10,nice,"Chr04N, Chr05N",
296,analysis/gwas/GDD/QQplot,TMPL,CRAIN.5d,Midwest_Gulf,254,12.1M,1,2020-06-13,00.52.17.png,1,,,skip
297,analysis/gwas/GDD/QQplot,TMPL,CRAIN,Atlantic,103,10.6M,3,2020-06-14,12.47.08.png,0,,,skip
298,analysis/gwas/GDD/QQplot,TMPL,CRAIN,Midwest_Atlantic,163,12.3M,4,2020-06-15,05.39.05.png,1,,,skip
299,analysis/gwas/GDD/QQplot,TMPL,CRAIN,Gulf,194,10.3M,4,2020-06-13,23.08.55.png,10,messy,,skip
300,analysis/gwas/GDD/QQplot,TMPL,CRAIN,Midwest_Gulf,254,12.1M,2,2020-06-13,00.38.07.png,1000,messy,,skip
301,analysis/gwas/GDD/QQplot,TMPL,FL1,Atlantic,106,10.6M,3,2020-06-14,20.43.43.png,1,,,skip
302,analysis/gwas/GDD/QQplot,TMPL,FL1,Midwest_Atlantic,167,12.3M,4,2020-06-15,15.34.47.png,1,,,skip
303,analysis/gwas/GDD/QQplot,TMPL,FL1,Gulf,194,10.3M,9,2020-06-14,05.52.02.png,1,,,skip
304,analysis/gwas/GDD/QQplot,TMPL,FL1,Midwest_Gulf,255,12.1M,12,2020-06-13,11.01.59.png,0,,,skip
305,analysis/gwas/GDD/QQplot,TMPL,FL50,Atlantic,106,10.6M,3,2020-06-14,10.26.01.png,1,nice,Chr08N,
306,analysis/gwas/GDD/QQplot,TMPL,FL50,Midwest_Atlantic,167,12.3M,4,2020-06-15,02.32.27.png,0,,,skip
307,analysis/gwas/GDD/QQplot,TMPL,FL50,Gulf,194,10.3M,6,2020-06-13,21.17.19.png,0,,,skip
308,analysis/gwas/GDD/QQplot,TMPL,FL50,Midwest_Gulf,255,12.1M,12,2020-06-12,21.12.26.png,1,nice,Chr09K,
309,analysis/gwas/GDD/QQplot,TMPL,GR100,Atlantic,105,10.6M,3,2020-06-14,21.09.27.png,0,,,skip
310,analysis/gwas/GDD/QQplot,TMPL,GR100,Gulf,200,10.3M,9,2020-06-14,06.17.35.png,1,,,skip
311,analysis/gwas/GDD/QQplot,TMPL,GR100,Midwest_Gulf,260,12.1M,11,2020-06-13,11.30.21.png,1,,,skip
312,analysis/gwas/GDD/QQplot,TMPL,GR1,Atlantic,112,10.6M,11,2020-06-14,20.56.31.png,1,,,skip
313,analysis/gwas/GDD/QQplot,TMPL,GR1,Midwest_Atlantic,174,12.3M,6,2020-06-15,15.49.26.png,1,,,skip
314,analysis/gwas/GDD/QQplot,TMPL,GR1,Gulf,204,10.3M,14,2020-06-14,06.04.58.png,10,,,skip
315,analysis/gwas/GDD/QQplot,TMPL,GR1,Midwest_Gulf,266,12.1M,13,2020-06-13,11.16.12.png,10,nice,Chr05K,
316,analysis/gwas/GDD/QQplot,TMPL,GR50,Atlantic,107,10.6M,11,2020-06-14,09.08.51.png,1,,Chr06K,skip
317,analysis/gwas/GDD/QQplot,TMPL,GR50,Midwest_Atlantic,168,12.3M,10,2020-06-15,00.51.01.png,1,,Chr06K,skip
318,analysis/gwas/GDD/QQplot,TMPL,GR50,Gulf,204,10.3M,9,2020-06-13,20.14.18.png,1,,,skip
319,analysis/gwas/GDD/QQplot,TMPL,GR50,Midwest_Gulf,265,12.1M,13,2020-06-12,19.20.33.png,0,,,skip
320,analysis/gwas/GDD/QQplot,TMPL,PTT.12C,Atlantic,103,10.6M,3,2020-06-14,14.17.03.png,1,,,skip
321,analysis/gwas/GDD/QQplot,TMPL,PTT.12C,Midwest_Atlantic,163,12.3M,4,2020-06-15,07.35.21.png,1,,,skip
322,analysis/gwas/GDD/QQplot,TMPL,PTT.12C,Gulf,194,10.3M,4,2020-06-14,00.23.47.png,0,,,skip
323,analysis/gwas/GDD/QQplot,TMPL,PTT.12C,Midwest_Gulf,254,12.1M,12,2020-06-13,02.45.03.png,0,,,skip
